{
	"credit": "Made with Blockbench",
	"parent": "create:block/large_wheels",
	"texture_size": [64, 64],
	"textures": {
		"2": "trackwork:block/small_cog",
		"particle": "trackwork:block/small_cog"
	},
	"elements": [
		{
			"from": [9.25, -5, 4],
			"to": [13, 3, 12],
			"rotation": {"angle": 0, "axis": "y", "origin": [8.75, -1, 8]},
			"faces": {
				"north": {"uv": [7.5, 8, 8.5, 10], "texture": "#2"},
				"east": {"uv": [4.5, 6, 6.5, 8], "texture": "#2"},
				"south": {"uv": [8.5, 6, 9.5, 8], "texture": "#2"},
				"west": {"uv": [6.5, 6, 8.5, 8], "texture": "#2"},
				"up": {"uv": [9.5, 10, 8.5, 8], "texture": "#2"},
				"down": {"uv": [1, 9, 0, 11], "texture": "#2"}
			}
		},
		{
			"from": [3.2, -4, 5],
			"to": [12.95, 2, 11],
			"rotation": {"angle": 0, "axis": "y", "origin": [8.7, -1, 8]},
			"faces": {
				"north": {"uv": [7, 0, 9.5, 1.5], "texture": "#2"},
				"east": {"uv": [4.5, 8, 6, 9.5], "texture": "#2"},
				"south": {"uv": [7, 1.5, 9.5, 3], "texture": "#2"},
				"west": {"uv": [6, 8, 7.5, 9.5], "texture": "#2"},
				"up": {"uv": [9.5, 4.5, 7, 3], "texture": "#2"},
				"down": {"uv": [9.5, 4.5, 7, 6], "texture": "#2"}
			}
		},
		{
			"from": [1.7, -6.95, 3.05],
			"to": [3.6, 4.95, 12.95],
			"rotation": {"angle": 0, "axis": "y", "origin": [1.65, -3, 8]},
			"faces": {
				"north": {"uv": [8, 10, 8.5, 13], "texture": "#2"},
				"east": {"uv": [4.5, 0, 7, 3], "texture": "#2"},
				"south": {"uv": [8.5, 10, 9, 13], "texture": "#2"},
				"west": {"uv": [4.5, 3, 7, 6], "texture": "#2"},
				"up": {"uv": [9.5, 12.5, 9, 10], "texture": "#2"},
				"down": {"uv": [11, 1.5, 10.5, 4], "texture": "#2"}
			}
		},
		{
			"from": [12.4, -6.95, 3.05],
			"to": [14.3, 4.95, 12.95],
			"rotation": {"angle": 0, "axis": "y", "origin": [14.35, -3, 8]},
			"faces": {
				"north": {"uv": [8.5, 10, 8, 13], "texture": "#2"},
				"east": {"uv": [7, 3, 4.5, 6], "texture": "#2"},
				"south": {"uv": [9, 10, 8.5, 13], "texture": "#2"},
				"west": {"uv": [7, 0, 4.5, 3], "texture": "#2"},
				"up": {"uv": [9, 12.5, 9.5, 10], "texture": "#2"},
				"down": {"uv": [10.5, 1.5, 11, 4], "texture": "#2"}
			}
		},
		{
			"from": [-0.24, -3.81843, 12.08107],
			"to": [3.74, 1.81157, 15.06107],
			"rotation": {"angle": -45, "axis": "x", "origin": [1.75, -1, 8]},
			"faces": {
				"north": {"uv": [10.5, 0, 11.5, 1.5], "texture": "#2"},
				"east": {"uv": [11, 10, 11.75, 11.5], "texture": "#2"},
				"south": {"uv": [1, 10.5, 2, 12], "texture": "#2"},
				"west": {"uv": [2, 11.25, 2.75, 12.75], "texture": "#2"},
				"up": {"uv": [12.75, 10.75, 11.75, 10], "texture": "#2"},
				"down": {"uv": [12.75, 10.75, 11.75, 11.5], "texture": "#2"}
			}
		},
		{
			"from": [-0.25, 3, 5],
			"to": [3.75, 6, 11],
			"rotation": {"angle": 0, "axis": "y", "origin": [1.75, -3, 8]},
			"faces": {
				"north": {"uv": [11.25, 6.25, 12.25, 7], "texture": "#2"},
				"east": {"uv": [2, 10.5, 3.5, 11.25], "texture": "#2"},
				"south": {"uv": [11.25, 7, 12.25, 7.75], "texture": "#2"},
				"west": {"uv": [10.5, 4, 12, 4.75], "texture": "#2"},
				"up": {"uv": [2, 10.5, 1, 9], "texture": "#2"},
				"down": {"uv": [3, 9, 2, 10.5], "texture": "#2"}
			}
		},
		{
			"from": [-0.24, 3.08107, 5.18843],
			"to": [3.74, 6.06107, 10.81843],
			"rotation": {"angle": -45, "axis": "x", "origin": [1.75, -1, 8]},
			"faces": {
				"north": {"uv": [11.5, 0.75, 12.5, 1.5], "texture": "#2"},
				"east": {"uv": [10.5, 9.25, 12, 10], "texture": "#2"},
				"south": {"uv": [6.5, 11.5, 7.5, 12.25], "texture": "#2"},
				"west": {"uv": [9.5, 10.5, 11, 11.25], "texture": "#2"},
				"up": {"uv": [5, 11, 4, 9.5], "texture": "#2"},
				"down": {"uv": [10.5, 4.5, 9.5, 6], "texture": "#2"}
			}
		},
		{
			"from": [-0.3, 2.46942, 11.41942],
			"to": [0.7, 5.46942, 14.41942],
			"rotation": {"angle": -45, "axis": "x", "origin": [1, -1, 8]},
			"faces": {
				"north": {"uv": [0.75, 11, 1, 11.75], "texture": "#2"},
				"east": {"uv": [0.75, 12, 1.5, 12.75], "texture": "#2"},
				"south": {"uv": [7.5, 11.5, 7.75, 12.25], "texture": "#2"},
				"west": {"uv": [12, 3.75, 12.75, 4.5], "texture": "#2"},
				"up": {"uv": [8, 12.25, 7.75, 11.5], "texture": "#2"},
				"down": {"uv": [5, 11.75, 4.75, 12.5], "texture": "#2"}
			}
		},
		{
			"from": [-0.3, 2.46942, 11.41942],
			"to": [0.7, 5.46942, 14.41942],
			"rotation": {"angle": 0, "axis": "y", "origin": [1, -1, 8]},
			"faces": {
				"north": {"uv": [0.75, 11, 1, 11.75], "texture": "#2"},
				"east": {"uv": [0.75, 12, 1.5, 12.75], "texture": "#2"},
				"south": {"uv": [7.5, 11.5, 7.75, 12.25], "texture": "#2"},
				"west": {"uv": [12, 3.75, 12.75, 4.5], "texture": "#2"},
				"up": {"uv": [8, 12.25, 7.75, 11.5], "texture": "#2"},
				"down": {"uv": [5, 11.75, 4.75, 12.5], "texture": "#2"}
			}
		},
		{
			"from": [-0.3, 2.46942, 11.41942],
			"to": [0.7, 5.46942, 14.41942],
			"rotation": {"angle": 45, "axis": "x", "origin": [1, -1, 8]},
			"faces": {
				"north": {"uv": [0.75, 11, 1, 11.75], "texture": "#2"},
				"east": {"uv": [0.75, 12, 1.5, 12.75], "texture": "#2"},
				"south": {"uv": [7.5, 11.5, 7.75, 12.25], "texture": "#2"},
				"west": {"uv": [12, 3.75, 12.75, 4.5], "texture": "#2"},
				"up": {"uv": [8, 12.25, 7.75, 11.5], "texture": "#2"},
				"down": {"uv": [5, 11.75, 4.75, 12.5], "texture": "#2"}
			}
		},
		{
			"from": [-0.3, -7.41942, 11.46942],
			"to": [0.7, -4.41942, 14.46942],
			"rotation": {"angle": 0, "axis": "y", "origin": [1, -1, 8]},
			"faces": {
				"north": {"uv": [5, 11.75, 4.75, 12.5], "rotation": 180, "texture": "#2"},
				"east": {"uv": [0.75, 12, 1.5, 12.75], "rotation": 270, "texture": "#2"},
				"south": {"uv": [8, 12.25, 7.75, 11.5], "texture": "#2"},
				"west": {"uv": [12, 3.75, 12.75, 4.5], "rotation": 90, "texture": "#2"},
				"up": {"uv": [0.75, 11, 1, 11.75], "rotation": 180, "texture": "#2"},
				"down": {"uv": [7.5, 11.5, 7.75, 12.25], "texture": "#2"}
			}
		},
		{
			"from": [-0.3, -7.41942, 11.46942],
			"to": [0.7, -4.41942, 14.46942],
			"rotation": {"angle": 45, "axis": "x", "origin": [1, -1, 8]},
			"faces": {
				"north": {"uv": [5, 11.75, 4.75, 12.5], "rotation": 180, "texture": "#2"},
				"east": {"uv": [0.75, 12, 1.5, 12.75], "rotation": 270, "texture": "#2"},
				"south": {"uv": [8, 12.25, 7.75, 11.5], "texture": "#2"},
				"west": {"uv": [12, 3.75, 12.75, 4.5], "rotation": 90, "texture": "#2"},
				"up": {"uv": [0.75, 11, 1, 11.75], "rotation": 180, "texture": "#2"},
				"down": {"uv": [7.5, 11.5, 7.75, 12.25], "texture": "#2"}
			}
		},
		{
			"from": [-0.3, -7.46942, 1.58058],
			"to": [0.7, -4.46942, 4.58058],
			"rotation": {"angle": 0, "axis": "y", "origin": [1, -1, 8]},
			"faces": {
				"north": {"uv": [7.5, 11.5, 7.75, 12.25], "rotation": 180, "texture": "#2"},
				"east": {"uv": [0.75, 12, 1.5, 12.75], "rotation": 180, "texture": "#2"},
				"south": {"uv": [0.75, 11, 1, 11.75], "rotation": 180, "texture": "#2"},
				"west": {"uv": [12, 3.75, 12.75, 4.5], "rotation": 180, "texture": "#2"},
				"up": {"uv": [5, 11.75, 4.75, 12.5], "texture": "#2"},
				"down": {"uv": [8, 12.25, 7.75, 11.5], "texture": "#2"}
			}
		},
		{
			"from": [-0.3, 2.41942, 1.53058],
			"to": [0.7, 5.41942, 4.53058],
			"rotation": {"angle": -45, "axis": "x", "origin": [1, -1, 8]},
			"faces": {
				"north": {"uv": [8, 12.25, 7.75, 11.5], "rotation": 180, "texture": "#2"},
				"east": {"uv": [0.75, 12, 1.5, 12.75], "rotation": 90, "texture": "#2"},
				"south": {"uv": [5, 11.75, 4.75, 12.5], "texture": "#2"},
				"west": {"uv": [12, 3.75, 12.75, 4.5], "rotation": 270, "texture": "#2"},
				"up": {"uv": [7.5, 11.5, 7.75, 12.25], "texture": "#2"},
				"down": {"uv": [0.75, 11, 1, 11.75], "rotation": 180, "texture": "#2"}
			}
		},
		{
			"from": [-0.3, 2.41942, 1.53058],
			"to": [0.7, 5.41942, 4.53058],
			"rotation": {"angle": 0, "axis": "y", "origin": [1, -1, 8]},
			"faces": {
				"north": {"uv": [8, 12.25, 7.75, 11.5], "rotation": 180, "texture": "#2"},
				"east": {"uv": [0.75, 12, 1.5, 12.75], "rotation": 90, "texture": "#2"},
				"south": {"uv": [5, 11.75, 4.75, 12.5], "texture": "#2"},
				"west": {"uv": [12, 3.75, 12.75, 4.5], "rotation": 270, "texture": "#2"},
				"up": {"uv": [7.5, 11.5, 7.75, 12.25], "texture": "#2"},
				"down": {"uv": [0.75, 11, 1, 11.75], "rotation": 180, "texture": "#2"}
			}
		},
		{
			"name": "plane_front",
			"from": [-0.297, -10, -1],
			"to": [-0.297, 8, 17],
			"rotation": {"angle": 0, "axis": "y", "origin": [-5.8, -1, 8]},
			"faces": {
				"north": {"uv": [0, 0, 0, 4.5], "texture": "#2"},
				"east": {"uv": [0, 0, 4.5, 4.5], "texture": "#2"},
				"south": {"uv": [0, 0, 0, 4.5], "texture": "#2"},
				"west": {"uv": [0, 4.5, 4.5, 9], "texture": "#2"},
				"up": {"uv": [0, 4.5, 0, 0], "texture": "#2"},
				"down": {"uv": [0, 0, 0, 4.5], "texture": "#2"}
			}
		},
		{
			"from": [-0.25, -4, 12],
			"to": [3.75, 2, 15],
			"rotation": {"angle": 0, "axis": "y", "origin": [1.75, -1, 6]},
			"faces": {
				"north": {"uv": [9.5, 9, 10.5, 10.5], "texture": "#2"},
				"east": {"uv": [5, 11, 5.75, 12.5], "texture": "#2"},
				"south": {"uv": [7, 10, 8, 11.5], "texture": "#2"},
				"west": {"uv": [5.75, 11, 6.5, 12.5], "texture": "#2"},
				"up": {"uv": [3.75, 12.5, 2.75, 11.75], "texture": "#2"},
				"down": {"uv": [4.75, 11.75, 3.75, 12.5], "texture": "#2"}
			}
		},
		{
			"from": [-0.24, -8.06107, 5.18157],
			"to": [3.74, -5.08107, 10.81157],
			"rotation": {"angle": -45, "axis": "x", "origin": [1.75, -1, 8]},
			"faces": {
				"north": {"uv": [11.75, 1.5, 12.75, 2.25], "texture": "#2"},
				"east": {"uv": [11, 3, 12.5, 3.75], "texture": "#2"},
				"south": {"uv": [11.75, 2.25, 12.75, 3], "texture": "#2"},
				"west": {"uv": [3.5, 11, 5, 11.75], "texture": "#2"},
				"up": {"uv": [10.5, 7.5, 9.5, 6], "texture": "#2"},
				"down": {"uv": [10.5, 7.5, 9.5, 9], "texture": "#2"}
			}
		},
		{
			"from": [-0.25, -8, 5],
			"to": [3.75, -5, 11],
			"rotation": {"angle": 0, "axis": "y", "origin": [1.75, 1, 8]},
			"faces": {
				"north": {"uv": [11.25, 7.75, 12.25, 8.5], "texture": "#2"},
				"east": {"uv": [10.5, 4.75, 12, 5.5], "texture": "#2"},
				"south": {"uv": [11.25, 8.5, 12.25, 9.25], "texture": "#2"},
				"west": {"uv": [10.5, 5.5, 12, 6.25], "texture": "#2"},
				"up": {"uv": [4, 10.5, 3, 9], "texture": "#2"},
				"down": {"uv": [10.5, 0, 9.5, 1.5], "texture": "#2"}
			}
		},
		{
			"from": [-0.24, -3.81157, 0.93893],
			"to": [3.74, 1.81843, 3.91893],
			"rotation": {"angle": -45, "axis": "x", "origin": [1.75, -1, 8]},
			"faces": {
				"north": {"uv": [5, 9.5, 6, 11], "texture": "#2"},
				"east": {"uv": [0, 11, 0.75, 12.5], "texture": "#2"},
				"south": {"uv": [6, 9.5, 7, 11], "texture": "#2"},
				"west": {"uv": [11, 1.5, 11.75, 3], "texture": "#2"},
				"up": {"uv": [11.5, 12.25, 10.5, 11.5], "texture": "#2"},
				"down": {"uv": [12.5, 11.5, 11.5, 12.25], "texture": "#2"}
			}
		},
		{
			"from": [-0.25, -4, 1],
			"to": [3.75, 2, 4],
			"rotation": {"angle": 0, "axis": "y", "origin": [1.75, -1, 10]},
			"faces": {
				"north": {"uv": [9.5, 1.5, 10.5, 3], "texture": "#2"},
				"east": {"uv": [10.5, 6.25, 11.25, 7.75], "texture": "#2"},
				"south": {"uv": [9.5, 3, 10.5, 4.5], "texture": "#2"},
				"west": {"uv": [10.5, 7.75, 11.25, 9.25], "texture": "#2"},
				"up": {"uv": [10.5, 12, 9.5, 11.25], "texture": "#2"},
				"down": {"uv": [12.5, 0, 11.5, 0.75], "texture": "#2"}
			}
		},
		{
			"from": [12.26, -3.81843, 12.08107],
			"to": [16.24, 1.81157, 15.06107],
			"rotation": {"angle": -45, "axis": "x", "origin": [14.25, -1, 8]},
			"faces": {
				"north": {"uv": [11.5, 0, 10.5, 1.5], "texture": "#2"},
				"east": {"uv": [2.75, 11.25, 2, 12.75], "texture": "#2"},
				"south": {"uv": [2, 10.5, 1, 12], "texture": "#2"},
				"west": {"uv": [11.75, 10, 11, 11.5], "texture": "#2"},
				"up": {"uv": [11.75, 10.75, 12.75, 10], "texture": "#2"},
				"down": {"uv": [11.75, 10.75, 12.75, 11.5], "texture": "#2"}
			}
		},
		{
			"from": [12.25, 3, 5],
			"to": [16.25, 6, 11],
			"rotation": {"angle": 0, "axis": "y", "origin": [14.25, -3, 8]},
			"faces": {
				"north": {"uv": [12.25, 6.25, 11.25, 7], "texture": "#2"},
				"east": {"uv": [12, 4, 10.5, 4.75], "texture": "#2"},
				"south": {"uv": [12.25, 7, 11.25, 7.75], "texture": "#2"},
				"west": {"uv": [3.5, 10.5, 2, 11.25], "texture": "#2"},
				"up": {"uv": [1, 10.5, 2, 9], "texture": "#2"},
				"down": {"uv": [2, 9, 3, 10.5], "texture": "#2"}
			}
		},
		{
			"from": [12.26, 3.08107, 5.18843],
			"to": [16.24, 6.06107, 10.81843],
			"rotation": {"angle": -45, "axis": "x", "origin": [14.25, -1, 8]},
			"faces": {
				"north": {"uv": [12.5, 0.75, 11.5, 1.5], "texture": "#2"},
				"east": {"uv": [11, 10.5, 9.5, 11.25], "texture": "#2"},
				"south": {"uv": [7.5, 11.5, 6.5, 12.25], "texture": "#2"},
				"west": {"uv": [12, 9.25, 10.5, 10], "texture": "#2"},
				"up": {"uv": [4, 11, 5, 9.5], "texture": "#2"},
				"down": {"uv": [9.5, 4.5, 10.5, 6], "texture": "#2"}
			}
		},
		{
			"from": [15.3, 2.46942, 11.41942],
			"to": [16.3, 5.46942, 14.41942],
			"rotation": {"angle": -45, "axis": "x", "origin": [15, -1, 8]},
			"faces": {
				"north": {"uv": [1, 11, 0.75, 11.75], "texture": "#2"},
				"east": {"uv": [12.75, 3.75, 12, 4.5], "texture": "#2"},
				"south": {"uv": [7.75, 11.5, 7.5, 12.25], "texture": "#2"},
				"west": {"uv": [1.5, 12, 0.75, 12.75], "texture": "#2"},
				"up": {"uv": [7.75, 12.25, 8, 11.5], "texture": "#2"},
				"down": {"uv": [4.75, 11.75, 5, 12.5], "texture": "#2"}
			}
		},
		{
			"from": [15.3, 2.46942, 11.41942],
			"to": [16.3, 5.46942, 14.41942],
			"rotation": {"angle": 0, "axis": "y", "origin": [15, -1, 8]},
			"faces": {
				"north": {"uv": [1, 11, 0.75, 11.75], "texture": "#2"},
				"east": {"uv": [12.75, 3.75, 12, 4.5], "texture": "#2"},
				"south": {"uv": [7.75, 11.5, 7.5, 12.25], "texture": "#2"},
				"west": {"uv": [1.5, 12, 0.75, 12.75], "texture": "#2"},
				"up": {"uv": [7.75, 12.25, 8, 11.5], "texture": "#2"},
				"down": {"uv": [4.75, 11.75, 5, 12.5], "texture": "#2"}
			}
		},
		{
			"from": [15.3, 2.46942, 11.41942],
			"to": [16.3, 5.46942, 14.41942],
			"rotation": {"angle": 45, "axis": "x", "origin": [15, -1, 8]},
			"faces": {
				"north": {"uv": [1, 11, 0.75, 11.75], "texture": "#2"},
				"east": {"uv": [12.75, 3.75, 12, 4.5], "texture": "#2"},
				"south": {"uv": [7.75, 11.5, 7.5, 12.25], "texture": "#2"},
				"west": {"uv": [1.5, 12, 0.75, 12.75], "texture": "#2"},
				"up": {"uv": [7.75, 12.25, 8, 11.5], "texture": "#2"},
				"down": {"uv": [4.75, 11.75, 5, 12.5], "texture": "#2"}
			}
		},
		{
			"from": [15.3, -7.41942, 11.46942],
			"to": [16.3, -4.41942, 14.46942],
			"rotation": {"angle": 0, "axis": "y", "origin": [15, -1, 8]},
			"faces": {
				"north": {"uv": [4.75, 11.75, 5, 12.5], "rotation": 180, "texture": "#2"},
				"east": {"uv": [12, 4.5, 12.75, 3.75], "rotation": 90, "texture": "#2"},
				"south": {"uv": [7.75, 12.25, 8, 11.5], "texture": "#2"},
				"west": {"uv": [0.75, 12.75, 1.5, 12], "rotation": 270, "texture": "#2"},
				"up": {"uv": [1, 11, 0.75, 11.75], "rotation": 180, "texture": "#2"},
				"down": {"uv": [7.75, 11.5, 7.5, 12.25], "texture": "#2"}
			}
		},
		{
			"from": [15.3, -7.46942, 1.58058],
			"to": [16.3, -4.46942, 4.58058],
			"rotation": {"angle": -45, "axis": "x", "origin": [15, -1, 8]},
			"faces": {
				"north": {"uv": [7.75, 11.5, 7.5, 12.25], "rotation": 180, "texture": "#2"},
				"east": {"uv": [12.75, 3.75, 12, 4.5], "rotation": 180, "texture": "#2"},
				"south": {"uv": [1, 11, 0.75, 11.75], "rotation": 180, "texture": "#2"},
				"west": {"uv": [1.5, 12, 0.75, 12.75], "rotation": 180, "texture": "#2"},
				"up": {"uv": [4.75, 11.75, 5, 12.5], "texture": "#2"},
				"down": {"uv": [7.75, 12.25, 8, 11.5], "texture": "#2"}
			}
		},
		{
			"from": [15.3, -7.46942, 1.58058],
			"to": [16.3, -4.46942, 4.58058],
			"rotation": {"angle": 0, "axis": "y", "origin": [15, -1, 8]},
			"faces": {
				"north": {"uv": [7.75, 11.5, 7.5, 12.25], "rotation": 180, "texture": "#2"},
				"east": {"uv": [12.75, 3.75, 12, 4.5], "rotation": 180, "texture": "#2"},
				"south": {"uv": [1, 11, 0.75, 11.75], "rotation": 180, "texture": "#2"},
				"west": {"uv": [1.5, 12, 0.75, 12.75], "rotation": 180, "texture": "#2"},
				"up": {"uv": [4.75, 11.75, 5, 12.5], "texture": "#2"},
				"down": {"uv": [7.75, 12.25, 8, 11.5], "texture": "#2"}
			}
		},
		{
			"from": [15.3, -7.46942, 1.58058],
			"to": [16.3, -4.46942, 4.58058],
			"rotation": {"angle": 45, "axis": "x", "origin": [15, -1, 8]},
			"faces": {
				"north": {"uv": [7.75, 11.5, 7.5, 12.25], "rotation": 180, "texture": "#2"},
				"east": {"uv": [12.75, 3.75, 12, 4.5], "rotation": 180, "texture": "#2"},
				"south": {"uv": [1, 11, 0.75, 11.75], "rotation": 180, "texture": "#2"},
				"west": {"uv": [1.5, 12, 0.75, 12.75], "rotation": 180, "texture": "#2"},
				"up": {"uv": [4.75, 11.75, 5, 12.5], "texture": "#2"},
				"down": {"uv": [7.75, 12.25, 8, 11.5], "texture": "#2"}
			}
		},
		{
			"from": [15.3, 2.41942, 1.53058],
			"to": [16.3, 5.41942, 4.53058],
			"rotation": {"angle": 0, "axis": "y", "origin": [15, -1, 8]},
			"faces": {
				"north": {"uv": [7.75, 12.25, 8, 11.5], "rotation": 180, "texture": "#2"},
				"east": {"uv": [12, 4.5, 12.75, 3.75], "rotation": 270, "texture": "#2"},
				"south": {"uv": [4.75, 11.75, 5, 12.5], "texture": "#2"},
				"west": {"uv": [0.75, 12.75, 1.5, 12], "rotation": 90, "texture": "#2"},
				"up": {"uv": [7.75, 11.5, 7.5, 12.25], "texture": "#2"},
				"down": {"uv": [1, 11, 0.75, 11.75], "rotation": 180, "texture": "#2"}
			}
		},
		{
			"name": "plane_front",
			"from": [16.297, -10, -1],
			"to": [16.297, 8, 17],
			"rotation": {"angle": 0, "axis": "y", "origin": [21.8, -1, 8]},
			"faces": {
				"north": {"uv": [0, 0, 0, 4.5], "texture": "#2"},
				"east": {"uv": [4.5, 4.5, 0, 9], "texture": "#2"},
				"south": {"uv": [0, 0, 0, 4.5], "texture": "#2"},
				"west": {"uv": [4.5, 0, 0, 4.5], "texture": "#2"},
				"up": {"uv": [0, 4.5, 0, 0], "texture": "#2"},
				"down": {"uv": [0, 0, 0, 4.5], "texture": "#2"}
			}
		},
		{
			"from": [12.25, -4, 12],
			"to": [16.25, 2, 15],
			"rotation": {"angle": 0, "axis": "y", "origin": [14.25, -1, 6]},
			"faces": {
				"north": {"uv": [10.5, 9, 9.5, 10.5], "texture": "#2"},
				"east": {"uv": [6.5, 11, 5.75, 12.5], "texture": "#2"},
				"south": {"uv": [8, 10, 7, 11.5], "texture": "#2"},
				"west": {"uv": [5.75, 11, 5, 12.5], "texture": "#2"},
				"up": {"uv": [2.75, 12.5, 3.75, 11.75], "texture": "#2"},
				"down": {"uv": [3.75, 11.75, 4.75, 12.5], "texture": "#2"}
			}
		},
		{
			"from": [12.26, -8.06107, 5.18157],
			"to": [16.24, -5.08107, 10.81157],
			"rotation": {"angle": -45, "axis": "x", "origin": [14.25, -1, 8]},
			"faces": {
				"north": {"uv": [12.75, 1.5, 11.75, 2.25], "texture": "#2"},
				"east": {"uv": [5, 11, 3.5, 11.75], "texture": "#2"},
				"south": {"uv": [12.75, 2.25, 11.75, 3], "texture": "#2"},
				"west": {"uv": [12.5, 3, 11, 3.75], "texture": "#2"},
				"up": {"uv": [9.5, 7.5, 10.5, 6], "texture": "#2"},
				"down": {"uv": [9.5, 7.5, 10.5, 9], "texture": "#2"}
			}
		},
		{
			"from": [12.25, -8, 5],
			"to": [16.25, -5, 11],
			"rotation": {"angle": 0, "axis": "y", "origin": [14.25, 1, 8]},
			"faces": {
				"north": {"uv": [12.25, 7.75, 11.25, 8.5], "texture": "#2"},
				"east": {"uv": [12, 5.5, 10.5, 6.25], "texture": "#2"},
				"south": {"uv": [12.25, 8.5, 11.25, 9.25], "texture": "#2"},
				"west": {"uv": [12, 4.75, 10.5, 5.5], "texture": "#2"},
				"up": {"uv": [3, 10.5, 4, 9], "texture": "#2"},
				"down": {"uv": [9.5, 0, 10.5, 1.5], "texture": "#2"}
			}
		},
		{
			"from": [12.26, -3.81157, 0.93893],
			"to": [16.24, 1.81843, 3.91893],
			"rotation": {"angle": -45, "axis": "x", "origin": [14.25, -1, 8]},
			"faces": {
				"north": {"uv": [6, 9.5, 5, 11], "texture": "#2"},
				"east": {"uv": [11.75, 1.5, 11, 3], "texture": "#2"},
				"south": {"uv": [7, 9.5, 6, 11], "texture": "#2"},
				"west": {"uv": [0.75, 11, 0, 12.5], "texture": "#2"},
				"up": {"uv": [10.5, 12.25, 11.5, 11.5], "texture": "#2"},
				"down": {"uv": [11.5, 11.5, 12.5, 12.25], "texture": "#2"}
			}
		},
		{
			"from": [12.25, -4, 1],
			"to": [16.25, 2, 4],
			"rotation": {"angle": 0, "axis": "y", "origin": [14.25, -1, 10]},
			"faces": {
				"north": {"uv": [10.5, 1.5, 9.5, 3], "texture": "#2"},
				"east": {"uv": [11.25, 7.75, 10.5, 9.25], "texture": "#2"},
				"south": {"uv": [10.5, 3, 9.5, 4.5], "texture": "#2"},
				"west": {"uv": [11.25, 6.25, 10.5, 7.75], "texture": "#2"},
				"up": {"uv": [9.5, 12, 10.5, 11.25], "texture": "#2"},
				"down": {"uv": [11.5, 0, 12.5, 0.75], "texture": "#2"}
			}
		},
		{
			"from": [13.94, -3.06, 5.94],
			"to": [16.06, 1.06, 10.06],
			"rotation": {"angle": 0, "axis": "y", "origin": [16, -1, 6]},
			"faces": {
				"north": {"uv": [16, 1, 15.5, 2], "texture": "#2"},
				"east": {"uv": [15, 0, 14, 1], "texture": "#2"},
				"south": {"uv": [15.5, 1, 15, 2], "texture": "#2"},
				"west": {"uv": [16, 0, 15, 1], "texture": "#2"},
				"up": {"uv": [15, 1, 14.5, 2], "texture": "#2"},
				"down": {"uv": [14.5, 1, 14, 2], "texture": "#2"}
			}
		},
		{
			"from": [-0.06, -3.06, 5.94],
			"to": [2.06, 1.06, 10.06],
			"rotation": {"angle": 0, "axis": "y", "origin": [0, -1, 6]},
			"faces": {
				"north": {"uv": [15.5, 1, 16, 2], "texture": "#2"},
				"east": {"uv": [15, 0, 16, 1], "texture": "#2"},
				"south": {"uv": [15, 1, 15.5, 2], "texture": "#2"},
				"west": {"uv": [14, 0, 15, 1], "texture": "#2"},
				"up": {"uv": [14.5, 1, 15, 2], "texture": "#2"},
				"down": {"uv": [14, 1, 14.5, 2], "texture": "#2"}
			}
		}
	],
	"display": {
		"thirdperson_righthand": {
			"rotation": [75, 45, 0],
			"translation": [0, 2.5, 0],
			"scale": [0.375, 0.375, 0.375]
		},
		"thirdperson_lefthand": {
			"rotation": [75, 45, 0],
			"translation": [0, 2.5, 0],
			"scale": [0.375, 0.375, 0.375]
		},
		"firstperson_righthand": {
			"rotation": [0, 45, 0],
			"scale": [0.4, 0.4, 0.4]
		},
		"firstperson_lefthand": {
			"rotation": [0, 225, 0],
			"scale": [0.4, 0.4, 0.4]
		},
		"ground": {
			"translation": [0, 3, 0],
			"scale": [0.25, 0.25, 0.25]
		},
		"gui": {
			"rotation": [30, 225, 0],
			"translation": [0, 1.5, 0],
			"scale": [0.5, 0.5, 0.5]
		},
		"fixed": {
			"rotation": [0, 90, 0],
			"translation": [0, 2.25, 0],
			"scale": [0.45, 0.45, 0.45]
		}
	},
	"groups": [
		{
			"name": "cogwheel_shaftless",
			"origin": [8, 8, 8],
			"color": 0,
			"children": []
		},
		0,
		1,
		2,
		3,
		{
			"name": "side",
			"origin": [1.75, 0, 10],
			"color": 0,
			"children": [4, 5, 6, 7, 8, 9, 10, 11, 12, 13, 14, 15, 16, 17, 18, 19, 20]
		},
		{
			"name": "side",
			"origin": [1.75, 0, 10],
			"color": 0,
			"children": [21, 22, 23, 24, 25, 26, 27, 28, 29, 30, 31, 32, 33, 34, 35, 36, 37]
		},
		38,
		39
	]
}