{
	"credit": "Made with Blockbench",
	"parent": "create:block/large_wheels",
	"texture_size": [64, 64],
	"textures": {
		"0": "trackwork:block/sprocket_medium",
		"particle": "trackwork:block/sprocket_medium"
	},
	"elements": [
		{
			"name": "Gear",
			"from": [1, -5, -2],
			"to": [6, 3, 1],
			"rotation": {"angle": 0, "axis": "y", "origin": [12, -9, 0]},
			"faces": {
				"north": {"uv": [2.25, 11.5, 3.5, 13.5], "texture": "#0"},
				"east": {"uv": [13.25, 5.25, 14, 7.25], "texture": "#0"},
				"south": {"uv": [3.5, 11.5, 4.75, 13.5], "texture": "#0"},
				"west": {"uv": [11.75, 13.25, 12.5, 15.25], "texture": "#0"},
				"up": {"uv": [11.75, 5.25, 10.5, 4.5], "texture": "#0"},
				"down": {"uv": [11.75, 5.25, 10.5, 6], "texture": "#0"}
			}
		},
		{
			"name": "Gear",
			"from": [1.02, 3, -2],
			"to": [5.98, 11.5, 1],
			"rotation": {"angle": 45, "axis": "x", "origin": [6, 3, -2]},
			"faces": {
				"north": {"uv": [10, 9, 11.25, 11.25], "texture": "#0"},
				"east": {"uv": [8, 12.75, 8.75, 15], "texture": "#0"},
				"south": {"uv": [10.5, 0, 11.75, 2.25], "texture": "#0"},
				"west": {"uv": [13, 3, 13.75, 5.25], "texture": "#0"},
				"up": {"uv": [2.25, 14.5, 1, 13.75], "texture": "#0"},
				"down": {"uv": [15, 4.5, 13.75, 5.25], "texture": "#0"}
			}
		},
		{
			"name": "Gear",
			"from": [1.02, 3, 15],
			"to": [5.98, 11.5, 18],
			"rotation": {"angle": -45, "axis": "x", "origin": [6, 3, 18]},
			"faces": {
				"north": {"uv": [10.5, 2.25, 11.75, 4.5], "texture": "#0"},
				"east": {"uv": [4.75, 13, 5.5, 15.25], "texture": "#0"},
				"south": {"uv": [8, 10.5, 9.25, 12.75], "texture": "#0"},
				"west": {"uv": [5.5, 13, 6.25, 15.25], "texture": "#0"},
				"up": {"uv": [15, 8.75, 13.75, 8], "texture": "#0"},
				"down": {"uv": [15, 8.75, 13.75, 9.5], "texture": "#0"}
			}
		},
		{
			"name": "Gear",
			"from": [1.02, -13.5, 15],
			"to": [5.98, -5, 18],
			"rotation": {"angle": 45, "axis": "x", "origin": [6, -5, 18]},
			"faces": {
				"north": {"uv": [11.25, 9, 12.5, 11.25], "texture": "#0"},
				"east": {"uv": [6.25, 13, 7, 15.25], "texture": "#0"},
				"south": {"uv": [9.25, 11.25, 10.5, 13.5], "texture": "#0"},
				"west": {"uv": [7, 13, 7.75, 15.25], "texture": "#0"},
				"up": {"uv": [15, 10.25, 13.75, 9.5], "texture": "#0"},
				"down": {"uv": [15, 10.25, 13.75, 11], "texture": "#0"}
			}
		},
		{
			"name": "Gear",
			"from": [1.02, -13.5, -2],
			"to": [5.98, -5, 1],
			"rotation": {"angle": -45, "axis": "x", "origin": [6, -5, -2]},
			"faces": {
				"north": {"uv": [10.5, 11.25, 11.75, 13.5], "texture": "#0"},
				"east": {"uv": [13, 10, 13.75, 12.25], "texture": "#0"},
				"south": {"uv": [1, 11.5, 2.25, 13.75], "texture": "#0"},
				"west": {"uv": [13, 12.25, 13.75, 14.5], "texture": "#0"},
				"up": {"uv": [15, 11.75, 13.75, 11], "texture": "#0"},
				"down": {"uv": [15, 11.75, 13.75, 12.5], "texture": "#0"}
			}
		},
		{
			"name": "Gear",
			"from": [1, -5, 15],
			"to": [6, 3, 18],
			"rotation": {"angle": 0, "axis": "y", "origin": [12, -9, 0]},
			"faces": {
				"north": {"uv": [11.75, 0, 13, 2], "texture": "#0"},
				"east": {"uv": [2.25, 13.5, 3, 15.5], "texture": "#0"},
				"south": {"uv": [11.75, 2, 13, 4], "texture": "#0"},
				"west": {"uv": [3, 13.5, 3.75, 15.5], "texture": "#0"},
				"up": {"uv": [15, 13.25, 13.75, 12.5], "texture": "#0"},
				"down": {"uv": [15, 13.25, 13.75, 14], "texture": "#0"}
			}
		},
		{
			"name": "Gear",
			"from": [1, -11, 4],
			"to": [6, -8, 12],
			"rotation": {"angle": 0, "axis": "y", "origin": [12, -9, 0]},
			"faces": {
				"north": {"uv": [14, 5.25, 15.25, 6], "texture": "#0"},
				"east": {"uv": [13.25, 7.25, 15.25, 8], "texture": "#0"},
				"south": {"uv": [14, 6, 15.25, 6.75], "texture": "#0"},
				"west": {"uv": [8.75, 13.5, 10.75, 14.25], "texture": "#0"},
				"up": {"uv": [13, 6, 11.75, 4], "texture": "#0"},
				"down": {"uv": [13, 11.25, 11.75, 13.25], "texture": "#0"}
			}
		},
		{
			"name": "Gear",
			"from": [1, 6, 4],
			"to": [6, 9, 12],
			"rotation": {"angle": 0, "axis": "y", "origin": [12, 9, 0]},
			"faces": {
				"north": {"uv": [13.75, 14, 15, 14.75], "texture": "#0"},
				"east": {"uv": [13.75, 3, 15.75, 3.75], "texture": "#0"},
				"south": {"uv": [8.75, 14.25, 10, 15], "texture": "#0"},
				"west": {"uv": [13.75, 3.75, 15.75, 4.5], "texture": "#0"},
				"up": {"uv": [13.25, 8, 12, 6], "texture": "#0"},
				"down": {"uv": [13.75, 8, 12.5, 10], "texture": "#0"}
			}
		},
		{
			"name": "Gear",
			"from": [1.05, -13, 6.5],
			"to": [3.05, 11, 9.5],
			"rotation": {"angle": 0, "axis": "y", "origin": [2.05, -1, 8]},
			"faces": {
				"north": {"uv": [9.5, 0, 10, 6], "texture": "#0"},
				"east": {"uv": [5, 7, 5.75, 13], "texture": "#0"},
				"south": {"uv": [0, 10, 0.5, 16], "texture": "#0"},
				"west": {"uv": [5.75, 7, 6.5, 13], "texture": "#0"},
				"up": {"uv": [10, 6.75, 9.5, 6], "texture": "#0"},
				"down": {"uv": [9.75, 10.5, 9.25, 11.25], "texture": "#0"}
			}
		},
		{
			"name": "Gear",
			"from": [1.05, -13, 6.5],
			"to": [3.05, 11, 9.5],
			"rotation": {"angle": 22.5, "axis": "x", "origin": [2.05, -1, 8]},
			"faces": {
				"north": {"uv": [9.5, 0, 10, 6], "texture": "#0"},
				"east": {"uv": [5, 7, 5.75, 13], "texture": "#0"},
				"south": {"uv": [0, 10, 0.5, 16], "texture": "#0"},
				"west": {"uv": [5.75, 7, 6.5, 13], "texture": "#0"},
				"up": {"uv": [10, 6.75, 9.5, 6], "texture": "#0"},
				"down": {"uv": [9.75, 10.5, 9.25, 11.25], "texture": "#0"}
			}
		},
		{
			"name": "Gear",
			"from": [1.05, -13, 6.5],
			"to": [3.05, 11, 9.5],
			"rotation": {"angle": 45, "axis": "x", "origin": [2.05, -1, 8]},
			"faces": {
				"north": {"uv": [9.5, 0, 10, 6], "texture": "#0"},
				"east": {"uv": [5, 7, 5.75, 13], "texture": "#0"},
				"south": {"uv": [0, 10, 0.5, 16], "texture": "#0"},
				"west": {"uv": [5.75, 7, 6.5, 13], "texture": "#0"},
				"up": {"uv": [10, 6.75, 9.5, 6], "texture": "#0"},
				"down": {"uv": [9.75, 10.5, 9.25, 11.25], "texture": "#0"}
			}
		},
		{
			"name": "Gear",
			"from": [1.05, -2.5, -4],
			"to": [3.05, 0.5, 20],
			"rotation": {"angle": -22.5, "axis": "x", "origin": [2.05, -1, 8]},
			"faces": {
				"north": {"uv": [9.75, 10.5, 9.25, 11.25], "rotation": 180, "texture": "#0"},
				"east": {"uv": [5, 7, 5.75, 13], "rotation": 270, "texture": "#0"},
				"south": {"uv": [10, 6.75, 9.5, 6], "texture": "#0"},
				"west": {"uv": [5.75, 7, 6.5, 13], "rotation": 90, "texture": "#0"},
				"up": {"uv": [9.5, 0, 10, 6], "rotation": 180, "texture": "#0"},
				"down": {"uv": [0, 10, 0.5, 16], "texture": "#0"}
			}
		},
		{
			"name": "Gear",
			"from": [1.05, -2.5, -4],
			"to": [3.05, 0.5, 20],
			"rotation": {"angle": 0, "axis": "y", "origin": [2.05, -1, 8]},
			"faces": {
				"north": {"uv": [9.75, 10.5, 9.25, 11.25], "rotation": 180, "texture": "#0"},
				"east": {"uv": [5, 7, 5.75, 13], "rotation": 270, "texture": "#0"},
				"south": {"uv": [10, 6.75, 9.5, 6], "texture": "#0"},
				"west": {"uv": [5.75, 7, 6.5, 13], "rotation": 90, "texture": "#0"},
				"up": {"uv": [9.5, 0, 10, 6], "rotation": 180, "texture": "#0"},
				"down": {"uv": [0, 10, 0.5, 16], "texture": "#0"}
			}
		},
		{
			"name": "Gear",
			"from": [1.05, -2.5, -4],
			"to": [3.05, 0.5, 20],
			"rotation": {"angle": 22.5, "axis": "x", "origin": [2.05, -1, 8]},
			"faces": {
				"north": {"uv": [9.75, 10.5, 9.25, 11.25], "rotation": 180, "texture": "#0"},
				"east": {"uv": [5, 7, 5.75, 13], "rotation": 270, "texture": "#0"},
				"south": {"uv": [10, 6.75, 9.5, 6], "texture": "#0"},
				"west": {"uv": [5.75, 7, 6.5, 13], "rotation": 90, "texture": "#0"},
				"up": {"uv": [9.5, 0, 10, 6], "rotation": 180, "texture": "#0"},
				"down": {"uv": [0, 10, 0.5, 16], "texture": "#0"}
			}
		},
		{
			"name": "Gear",
			"from": [1.05, -2.5, -4],
			"to": [3.05, 0.5, 20],
			"rotation": {"angle": 45, "axis": "x", "origin": [2.05, -1, 8]},
			"faces": {
				"north": {"uv": [9.75, 10.5, 9.25, 11.25], "rotation": 180, "texture": "#0"},
				"east": {"uv": [5, 7, 5.75, 13], "rotation": 270, "texture": "#0"},
				"south": {"uv": [10, 6.75, 9.5, 6], "texture": "#0"},
				"west": {"uv": [5.75, 7, 6.5, 13], "rotation": 90, "texture": "#0"},
				"up": {"uv": [9.5, 0, 10, 6], "rotation": 180, "texture": "#0"},
				"down": {"uv": [0, 10, 0.5, 16], "texture": "#0"}
			}
		},
		{
			"name": "Gear",
			"from": [1.05, -13, 6.5],
			"to": [3.05, 11, 9.5],
			"rotation": {"angle": -22.5, "axis": "x", "origin": [2.05, -1, 8]},
			"faces": {
				"north": {"uv": [0, 10, 0.5, 16], "rotation": 180, "texture": "#0"},
				"east": {"uv": [5, 7, 5.75, 13], "rotation": 180, "texture": "#0"},
				"south": {"uv": [9.5, 0, 10, 6], "rotation": 180, "texture": "#0"},
				"west": {"uv": [5.75, 7, 6.5, 13], "rotation": 180, "texture": "#0"},
				"up": {"uv": [9.75, 10.5, 9.25, 11.25], "texture": "#0"},
				"down": {"uv": [10, 6.75, 9.5, 6], "texture": "#0"}
			}
		},
		{
			"name": "Gear4",
			"from": [1.5, -8, 1],
			"to": [5.5, 6, 15],
			"rotation": {"angle": 0, "axis": "y", "origin": [12.5, -14, 0]},
			"faces": {
				"north": {"uv": [8, 7, 9, 10.5], "texture": "#0"},
				"east": {"uv": [5, 0, 8.5, 3.5], "texture": "#0"},
				"south": {"uv": [8.5, 0, 9.5, 3.5], "texture": "#0"},
				"west": {"uv": [5, 3.5, 8.5, 7], "texture": "#0"},
				"up": {"uv": [9.5, 7, 8.5, 3.5], "texture": "#0"},
				"down": {"uv": [10, 7, 9, 10.5], "texture": "#0"}
			}
		},
		{
			"from": [-0.01, -4.01, 4.99],
			"to": [8.01, 2.01, 11.01],
			"rotation": {"angle": 0, "axis": "y", "origin": [1, -2, 7]},
			"faces": {
				"north": {"uv": [1, 10, 3, 11.5], "texture": "#0"},
				"east": {"uv": [13, 0, 14.5, 1.5], "texture": "#0"},
				"south": {"uv": [3, 10, 5, 11.5], "texture": "#0"},
				"west": {"uv": [13, 1.5, 14.5, 3], "texture": "#0"},
				"up": {"uv": [12, 7.5, 10, 6], "texture": "#0"},
				"down": {"uv": [12, 7.5, 10, 9], "texture": "#0"}
			}
		},
		{
			"from": [0.99, -11, -2],
			"to": [0.99, 9, 18],
			"rotation": {"angle": 0, "axis": "y", "origin": [1, 0, 0]},
			"faces": {
				"north": {"uv": [0, 0, 0, 5], "texture": "#0"},
				"east": {"uv": [0, 0, 5, 5], "texture": "#0"},
				"south": {"uv": [0, 0, 0, 5], "texture": "#0"},
				"west": {"uv": [0, 5, 5, 10], "texture": "#0"},
				"up": {"uv": [0, 5, 0, 0], "texture": "#0"},
				"down": {"uv": [0, 0, 0, 5], "texture": "#0"}
			}
		},
		{
			"name": "Gear",
			"from": [10, -5, -2],
			"to": [15, 3, 1],
			"rotation": {"angle": 0, "axis": "y", "origin": [4, -9, 0]},
			"faces": {
				"north": {"uv": [3.5, 11.5, 2.25, 13.5], "texture": "#0"},
				"east": {"uv": [12.5, 13.25, 11.75, 15.25], "texture": "#0"},
				"south": {"uv": [4.75, 11.5, 3.5, 13.5], "texture": "#0"},
				"west": {"uv": [14, 5.25, 13.25, 7.25], "texture": "#0"},
				"up": {"uv": [10.5, 5.25, 11.75, 4.5], "texture": "#0"},
				"down": {"uv": [10.5, 5.25, 11.75, 6], "texture": "#0"}
			}
		},
		{
			"name": "Gear",
			"from": [10.02, 3, -2],
			"to": [14.98, 11.5, 1],
			"rotation": {"angle": 45, "axis": "x", "origin": [10, 3, -2]},
			"faces": {
				"north": {"uv": [11.25, 9, 10, 11.25], "texture": "#0"},
				"east": {"uv": [13.75, 3, 13, 5.25], "texture": "#0"},
				"south": {"uv": [11.75, 0, 10.5, 2.25], "texture": "#0"},
				"west": {"uv": [8.75, 12.75, 8, 15], "texture": "#0"},
				"up": {"uv": [1, 14.5, 2.25, 13.75], "texture": "#0"},
				"down": {"uv": [13.75, 4.5, 15, 5.25], "texture": "#0"}
			}
		},
		{
			"name": "Gear",
			"from": [10.02, 3, 15],
			"to": [14.98, 11.5, 18],
			"rotation": {"angle": -45, "axis": "x", "origin": [10, 3, 18]},
			"faces": {
				"north": {"uv": [11.75, 2.25, 10.5, 4.5], "texture": "#0"},
				"east": {"uv": [6.25, 13, 5.5, 15.25], "texture": "#0"},
				"south": {"uv": [9.25, 10.5, 8, 12.75], "texture": "#0"},
				"west": {"uv": [5.5, 13, 4.75, 15.25], "texture": "#0"},
				"up": {"uv": [13.75, 8.75, 15, 8], "texture": "#0"},
				"down": {"uv": [13.75, 8.75, 15, 9.5], "texture": "#0"}
			}
		},
		{
			"name": "Gear",
			"from": [10.02, -13.5, 15],
			"to": [14.98, -5, 18],
			"rotation": {"angle": 45, "axis": "x", "origin": [10, -5, 18]},
			"faces": {
				"north": {"uv": [12.5, 9, 11.25, 11.25], "texture": "#0"},
				"east": {"uv": [7.75, 13, 7, 15.25], "texture": "#0"},
				"south": {"uv": [10.5, 11.25, 9.25, 13.5], "texture": "#0"},
				"west": {"uv": [7, 13, 6.25, 15.25], "texture": "#0"},
				"up": {"uv": [13.75, 10.25, 15, 9.5], "texture": "#0"},
				"down": {"uv": [13.75, 10.25, 15, 11], "texture": "#0"}
			}
		},
		{
			"name": "Gear",
			"from": [10.02, -13.5, -2],
			"to": [14.98, -5, 1],
			"rotation": {"angle": -45, "axis": "x", "origin": [10, -5, -2]},
			"faces": {
				"north": {"uv": [11.75, 11.25, 10.5, 13.5], "texture": "#0"},
				"east": {"uv": [13.75, 12.25, 13, 14.5], "texture": "#0"},
				"south": {"uv": [2.25, 11.5, 1, 13.75], "texture": "#0"},
				"west": {"uv": [13.75, 10, 13, 12.25], "texture": "#0"},
				"up": {"uv": [13.75, 11.75, 15, 11], "texture": "#0"},
				"down": {"uv": [13.75, 11.75, 15, 12.5], "texture": "#0"}
			}
		},
		{
			"name": "Gear",
			"from": [10, -5, 15],
			"to": [15, 3, 18],
			"rotation": {"angle": 0, "axis": "y", "origin": [4, -9, 0]},
			"faces": {
				"north": {"uv": [13, 0, 11.75, 2], "texture": "#0"},
				"east": {"uv": [3.75, 13.5, 3, 15.5], "texture": "#0"},
				"south": {"uv": [13, 2, 11.75, 4], "texture": "#0"},
				"west": {"uv": [3, 13.5, 2.25, 15.5], "texture": "#0"},
				"up": {"uv": [13.75, 13.25, 15, 12.5], "texture": "#0"},
				"down": {"uv": [13.75, 13.25, 15, 14], "texture": "#0"}
			}
		},
		{
			"name": "Gear",
			"from": [10, -11, 4],
			"to": [15, -8, 12],
			"rotation": {"angle": 0, "axis": "y", "origin": [4, -9, 0]},
			"faces": {
				"north": {"uv": [15.25, 5.25, 14, 6], "texture": "#0"},
				"east": {"uv": [10.75, 13.5, 8.75, 14.25], "texture": "#0"},
				"south": {"uv": [15.25, 6, 14, 6.75], "texture": "#0"},
				"west": {"uv": [15.25, 7.25, 13.25, 8], "texture": "#0"},
				"up": {"uv": [11.75, 6, 13, 4], "texture": "#0"},
				"down": {"uv": [11.75, 11.25, 13, 13.25], "texture": "#0"}
			}
		},
		{
			"name": "Gear",
			"from": [10, 6, 4],
			"to": [15, 9, 12],
			"rotation": {"angle": 0, "axis": "y", "origin": [4, 9, 0]},
			"faces": {
				"north": {"uv": [15, 14, 13.75, 14.75], "texture": "#0"},
				"east": {"uv": [15.75, 3.75, 13.75, 4.5], "texture": "#0"},
				"south": {"uv": [10, 14.25, 8.75, 15], "texture": "#0"},
				"west": {"uv": [15.75, 3, 13.75, 3.75], "texture": "#0"},
				"up": {"uv": [12, 8, 13.25, 6], "texture": "#0"},
				"down": {"uv": [12.5, 8, 13.75, 10], "texture": "#0"}
			}
		},
		{
			"name": "Gear",
			"from": [12.95, -13, 6.5],
			"to": [14.95, 11, 9.5],
			"rotation": {"angle": 0, "axis": "y", "origin": [13.95, -1, 8]},
			"faces": {
				"north": {"uv": [10, 0, 9.5, 6], "texture": "#0"},
				"east": {"uv": [6.5, 7, 5.75, 13], "texture": "#0"},
				"south": {"uv": [0.5, 10, 0, 16], "texture": "#0"},
				"west": {"uv": [5.75, 7, 5, 13], "texture": "#0"},
				"up": {"uv": [9.5, 6.75, 10, 6], "texture": "#0"},
				"down": {"uv": [9.25, 10.5, 9.75, 11.25], "texture": "#0"}
			}
		},
		{
			"name": "Gear",
			"from": [12.95, -13, 6.5],
			"to": [14.95, 11, 9.5],
			"rotation": {"angle": 22.5, "axis": "x", "origin": [13.95, -1, 8]},
			"faces": {
				"north": {"uv": [10, 0, 9.5, 6], "texture": "#0"},
				"east": {"uv": [6.5, 7, 5.75, 13], "texture": "#0"},
				"south": {"uv": [0.5, 10, 0, 16], "texture": "#0"},
				"west": {"uv": [5.75, 7, 5, 13], "texture": "#0"},
				"up": {"uv": [9.5, 6.75, 10, 6], "texture": "#0"},
				"down": {"uv": [9.25, 10.5, 9.75, 11.25], "texture": "#0"}
			}
		},
		{
			"name": "Gear",
			"from": [12.95, -13, 6.5],
			"to": [14.95, 11, 9.5],
			"rotation": {"angle": 45, "axis": "x", "origin": [13.95, -1, 8]},
			"faces": {
				"north": {"uv": [10, 0, 9.5, 6], "texture": "#0"},
				"east": {"uv": [6.5, 7, 5.75, 13], "texture": "#0"},
				"south": {"uv": [0.5, 10, 0, 16], "texture": "#0"},
				"west": {"uv": [5.75, 7, 5, 13], "texture": "#0"},
				"up": {"uv": [9.5, 6.75, 10, 6], "texture": "#0"},
				"down": {"uv": [9.25, 10.5, 9.75, 11.25], "texture": "#0"}
			}
		},
		{
			"name": "Gear",
			"from": [12.95, -2.5, -4],
			"to": [14.95, 0.5, 20],
			"rotation": {"angle": -22.5, "axis": "x", "origin": [13.95, -1, 8]},
			"faces": {
				"north": {"uv": [9.25, 10.5, 9.75, 11.25], "rotation": 180, "texture": "#0"},
				"east": {"uv": [5.75, 13, 6.5, 7], "rotation": 90, "texture": "#0"},
				"south": {"uv": [9.5, 6.75, 10, 6], "texture": "#0"},
				"west": {"uv": [5, 13, 5.75, 7], "rotation": 270, "texture": "#0"},
				"up": {"uv": [10, 0, 9.5, 6], "rotation": 180, "texture": "#0"},
				"down": {"uv": [0.5, 10, 0, 16], "texture": "#0"}
			}
		},
		{
			"name": "Gear",
			"from": [12.95, -2.5, -4],
			"to": [14.95, 0.5, 20],
			"rotation": {"angle": 0, "axis": "y", "origin": [13.95, -1, 8]},
			"faces": {
				"north": {"uv": [9.25, 10.5, 9.75, 11.25], "rotation": 180, "texture": "#0"},
				"east": {"uv": [5.75, 13, 6.5, 7], "rotation": 90, "texture": "#0"},
				"south": {"uv": [9.5, 6.75, 10, 6], "texture": "#0"},
				"west": {"uv": [5, 13, 5.75, 7], "rotation": 270, "texture": "#0"},
				"up": {"uv": [10, 0, 9.5, 6], "rotation": 180, "texture": "#0"},
				"down": {"uv": [0.5, 10, 0, 16], "texture": "#0"}
			}
		},
		{
			"name": "Gear",
			"from": [12.95, -2.5, -4],
			"to": [14.95, 0.5, 20],
			"rotation": {"angle": 22.5, "axis": "x", "origin": [13.95, -1, 8]},
			"faces": {
				"north": {"uv": [9.25, 10.5, 9.75, 11.25], "rotation": 180, "texture": "#0"},
				"east": {"uv": [5.75, 13, 6.5, 7], "rotation": 90, "texture": "#0"},
				"south": {"uv": [9.5, 6.75, 10, 6], "texture": "#0"},
				"west": {"uv": [5, 13, 5.75, 7], "rotation": 270, "texture": "#0"},
				"up": {"uv": [10, 0, 9.5, 6], "rotation": 180, "texture": "#0"},
				"down": {"uv": [0.5, 10, 0, 16], "texture": "#0"}
			}
		},
		{
			"name": "Gear",
			"from": [12.95, -2.5, -4],
			"to": [14.95, 0.5, 20],
			"rotation": {"angle": 45, "axis": "x", "origin": [13.95, -1, 8]},
			"faces": {
				"north": {"uv": [9.25, 10.5, 9.75, 11.25], "rotation": 180, "texture": "#0"},
				"east": {"uv": [5.75, 13, 6.5, 7], "rotation": 90, "texture": "#0"},
				"south": {"uv": [9.5, 6.75, 10, 6], "texture": "#0"},
				"west": {"uv": [5, 13, 5.75, 7], "rotation": 270, "texture": "#0"},
				"up": {"uv": [10, 0, 9.5, 6], "rotation": 180, "texture": "#0"},
				"down": {"uv": [0.5, 10, 0, 16], "texture": "#0"}
			}
		},
		{
			"name": "Gear",
			"from": [12.95, -13, 6.5],
			"to": [14.95, 11, 9.5],
			"rotation": {"angle": -22.5, "axis": "x", "origin": [13.95, -1, 8]},
			"faces": {
				"north": {"uv": [0.5, 10, 0, 16], "rotation": 180, "texture": "#0"},
				"east": {"uv": [6.5, 7, 5.75, 13], "rotation": 180, "texture": "#0"},
				"south": {"uv": [10, 0, 9.5, 6], "rotation": 180, "texture": "#0"},
				"west": {"uv": [5.75, 7, 5, 13], "rotation": 180, "texture": "#0"},
				"up": {"uv": [9.25, 10.5, 9.75, 11.25], "texture": "#0"},
				"down": {"uv": [9.5, 6.75, 10, 6], "texture": "#0"}
			}
		},
		{
			"name": "Gear5",
			"from": [10.5, -8, 1],
			"to": [14.5, 6, 15],
			"rotation": {"angle": 0, "axis": "y", "origin": [3.5, -14, 0]},
			"faces": {
				"north": {"uv": [9, 7, 8, 10.5], "texture": "#0"},
				"east": {"uv": [8.5, 3.5, 5, 7], "texture": "#0"},
				"south": {"uv": [9.5, 0, 8.5, 3.5], "texture": "#0"},
				"west": {"uv": [8.5, 0, 5, 3.5], "texture": "#0"},
				"up": {"uv": [8.5, 7, 9.5, 3.5], "texture": "#0"},
				"down": {"uv": [9, 7, 10, 10.5], "texture": "#0"}
			}
		},
		{
			"from": [7.99, -4.01, 4.99],
			"to": [16.01, 2.01, 11.01],
			"rotation": {"angle": 0, "axis": "y", "origin": [15, -2, 7]},
			"faces": {
				"north": {"uv": [3, 10, 1, 11.5], "texture": "#0"},
				"east": {"uv": [14.5, 1.5, 13, 3], "texture": "#0"},
				"south": {"uv": [5, 10, 3, 11.5], "texture": "#0"},
				"west": {"uv": [14.5, 0, 13, 1.5], "texture": "#0"},
				"up": {"uv": [10, 7.5, 12, 6], "texture": "#0"},
				"down": {"uv": [10, 7.5, 12, 9], "texture": "#0"}
			}
		},
		{
			"from": [15.01, -11, -2],
			"to": [15.01, 9, 18],
			"rotation": {"angle": 0, "axis": "y", "origin": [15, 0, 0]},
			"faces": {
				"north": {"uv": [0, 0, 0, 5], "texture": "#0"},
				"east": {"uv": [5, 5, 0, 10], "texture": "#0"},
				"south": {"uv": [0, 0, 0, 5], "texture": "#0"},
				"west": {"uv": [5, 0, 0, 5], "texture": "#0"},
				"up": {"uv": [0, 5, 0, 0], "texture": "#0"},
				"down": {"uv": [0, 0, 0, 5], "texture": "#0"}
			}
		}
	],
	"display": {
		"thirdperson_righthand": {
			"rotation": [75, 45, 0],
			"translation": [0, 2.5, 0],
			"scale": [0.375, 0.375, 0.375]
		},
		"thirdperson_lefthand": {
			"rotation": [75, 45, 0],
			"translation": [0, 2.5, 0],
			"scale": [0.375, 0.375, 0.375]
		},
		"firstperson_righthand": {
			"rotation": [0, 45, 0],
			"scale": [0.4, 0.4, 0.4]
		},
		"firstperson_lefthand": {
			"rotation": [0, 225, 0],
			"scale": [0.4, 0.4, 0.4]
		},
		"ground": {
			"translation": [0, 3, 0],
			"scale": [0.25, 0.25, 0.25]
		},
		"gui": {
			"rotation": [30, 225, 0],
			"translation": [0, 1.5, 0],
			"scale": [0.5, 0.5, 0.5]
		},
		"fixed": {
			"rotation": [0, 90, 0],
			"translation": [0, 2.25, 0],
			"scale": [0.45, 0.45, 0.45]
		}
	},
	"groups": [
		{
			"name": "cogwheel_shaftless",
			"origin": [8, 8, 8],
			"color": 0,
			"children": [0, 1, 2, 3, 4, 5, 6, 7, 8, 9, 10, 11, 12, 13, 14, 15, 16, 17, 18]
		},
		{
			"name": "cogwheel_shaftless",
			"origin": [8, 8, 8],
			"color": 0,
			"children": [19, 20, 21, 22, 23, 24, 25, 26, 27, 28, 29, 30, 31, 32, 33, 34, 35, 36, 37]
		}
	]
}