{
	"credit": "Made with Blockbench",
	"parent": "create:block/large_wheels",
	"texture_size": [128, 128],
	"textures": {
		"1": "trackwork:block/sprocket_large",
		"particle": "trackwork:block/sprocket_large"
	},
	"elements": [
		{
			"name": "GearCaseOuter",
			"from": [4, -6, 3],
			"to": [12, 4, 13],
			"rotation": {"angle": 0, "axis": "y", "origin": [-5, -9, 16]},
			"faces": {
				"north": {"uv": [4.125, 2.75, 5.125, 4], "texture": "#1"},
				"east": {"uv": [3.125, 0, 4.375, 1.25], "texture": "#1"},
				"south": {"uv": [4.125, 4.125, 5.125, 5.375], "texture": "#1"},
				"west": {"uv": [3.125, 1.375, 4.375, 2.625], "texture": "#1"},
				"up": {"uv": [5.5, 1.25, 4.5, 0], "texture": "#1"},
				"down": {"uv": [5.5, 1.375, 4.5, 2.625], "texture": "#1"}
			}
		},
		{
			"name": "GearCaseOuter",
			"from": [0.95, -6, 5],
			"to": [4.96, 4, 11],
			"rotation": {"angle": 0, "axis": "y", "origin": [-5.05, -9, 16]},
			"faces": {
				"north": {"uv": [4.75, 8.5, 5.25, 9.75], "texture": "#1"},
				"east": {"uv": [6.25, 3.375, 7, 4.625], "texture": "#1"},
				"south": {"uv": [8.625, 2.5, 9.125, 3.75], "texture": "#1"},
				"west": {"uv": [6.5, 4.75, 7.25, 6], "texture": "#1"},
				"up": {"uv": [9.625, 10, 9.125, 9.25], "texture": "#1"},
				"down": {"uv": [2.5, 9.375, 2, 10.125], "texture": "#1"}
			}
		},
		{
			"name": "GearCaseOuter",
			"from": [1, -4, 3],
			"to": [5, 2, 13],
			"rotation": {"angle": 0, "axis": "y", "origin": [-5, -9, 16]},
			"faces": {
				"north": {"uv": [2.125, 7.125, 2.625, 7.875], "texture": "#1"},
				"east": {"uv": [1.375, 6.25, 2.625, 7], "texture": "#1"},
				"south": {"uv": [8.5, 9.25, 9, 10], "texture": "#1"},
				"west": {"uv": [6.25, 2.5, 7.5, 3.25], "texture": "#1"},
				"up": {"uv": [9, 2.375, 8.5, 1.125], "texture": "#1"},
				"down": {"uv": [1.875, 8.5, 1.375, 9.75], "texture": "#1"}
			}
		},
		{
			"name": "GearCaseOuter",
			"from": [1.125, -12, 7],
			"to": [4.125, 10, 9],
			"rotation": {"angle": -45, "axis": "x", "origin": [4.125, -1, 8]},
			"faces": {
				"north": {"uv": [4.625, 5.5, 5, 8.25], "texture": "#1"},
				"east": {"uv": [3.625, 6.625, 3.875, 9.375], "texture": "#1"},
				"south": {"uv": [5.125, 5.625, 5.5, 8.375], "texture": "#1"},
				"west": {"uv": [5.625, 8.25, 5.875, 11], "texture": "#1"},
				"up": {"uv": [10.5, 5.125, 10.125, 4.875], "texture": "#1"},
				"down": {"uv": [10.5, 5.875, 10.125, 6.125], "texture": "#1"}
			}
		},
		{
			"name": "GearCaseOuter",
			"from": [1.175, -2, -2],
			"to": [4.175, 0, 18],
			"rotation": {"angle": 0, "axis": "y", "origin": [4.175, -1, 8]},
			"faces": {
				"north": {"uv": [10.125, 6.25, 10.5, 6.5], "texture": "#1"},
				"east": {"uv": [8.5, 0.375, 11, 0.625], "texture": "#1"},
				"south": {"uv": [10.125, 6.625, 10.5, 6.875], "texture": "#1"},
				"west": {"uv": [8.5, 0.75, 11, 1], "texture": "#1"},
				"up": {"uv": [0.75, 8.75, 0.375, 6.25], "texture": "#1"},
				"down": {"uv": [1.25, 6.25, 0.875, 8.75], "texture": "#1"}
			}
		},
		{
			"name": "GearCaseOuter",
			"from": [1.125, -2, -3],
			"to": [4.125, 0, 19],
			"rotation": {"angle": -45, "axis": "x", "origin": [4.125, -1, 8]},
			"faces": {
				"north": {"uv": [1.375, 9.875, 1.75, 10.125], "texture": "#1"},
				"east": {"uv": [8.125, 5.5, 10.875, 5.75], "texture": "#1"},
				"south": {"uv": [3.375, 10, 3.75, 10.25], "texture": "#1"},
				"west": {"uv": [8.5, 0, 11.25, 0.25], "texture": "#1"},
				"up": {"uv": [5.625, 5.5, 5.25, 2.75], "texture": "#1"},
				"down": {"uv": [4.5, 5.5, 4.125, 8.25], "texture": "#1"}
			}
		},
		{
			"name": "GearCaseOuter",
			"from": [1.1, -11, 7],
			"to": [4.1, 9, 9],
			"rotation": {"angle": 0, "axis": "y", "origin": [4.1, -1, 8]},
			"faces": {
				"north": {"uv": [5.625, 5.625, 6, 8.125], "texture": "#1"},
				"east": {"uv": [4, 8.375, 4.25, 10.875], "texture": "#1"},
				"south": {"uv": [5.75, 2.5, 6.125, 5], "texture": "#1"},
				"west": {"uv": [4.375, 8.375, 4.625, 10.875], "texture": "#1"},
				"up": {"uv": [10.375, 4.375, 10, 4.125], "texture": "#1"},
				"down": {"uv": [10.5, 4.5, 10.125, 4.75], "texture": "#1"}
			}
		},
		{
			"name": "GearCaseOuter",
			"from": [1.045, -16, 6.5],
			"to": [3.045, 14, 9.5],
			"rotation": {"angle": 0, "axis": "y", "origin": [5.025, -1, 8]},
			"faces": {
				"north": {"uv": [6.125, 5.125, 6.375, 8.875], "texture": "#1"},
				"east": {"uv": [3.125, 2.75, 3.5, 6.5], "texture": "#1"},
				"south": {"uv": [0, 6.25, 0.25, 10], "texture": "#1"},
				"west": {"uv": [3.625, 2.75, 4, 6.5], "texture": "#1"},
				"up": {"uv": [6, 5.5, 5.75, 5.125], "texture": "#1"},
				"down": {"uv": [0.25, 10.125, 0, 10.5], "texture": "#1"}
			}
		},
		{
			"name": "GearCaseOuter",
			"from": [1.045, -16, 6.5],
			"to": [3.045, 14, 9.5],
			"rotation": {"angle": -45, "axis": "x", "origin": [5.025, -1, 8]},
			"faces": {
				"north": {"uv": [6.125, 5.125, 6.375, 8.875], "texture": "#1"},
				"east": {"uv": [3.125, 2.75, 3.5, 6.5], "texture": "#1"},
				"south": {"uv": [0, 6.25, 0.25, 10], "texture": "#1"},
				"west": {"uv": [3.625, 2.75, 4, 6.5], "texture": "#1"},
				"up": {"uv": [6, 5.5, 5.75, 5.125], "texture": "#1"},
				"down": {"uv": [0.25, 10.125, 0, 10.5], "texture": "#1"}
			}
		},
		{
			"name": "GearCaseOuter",
			"from": [1.045, -2.5, -7],
			"to": [3.045, 0.5, 23],
			"rotation": {"angle": 0, "axis": "x", "origin": [5.025, -1, 8]},
			"faces": {
				"north": {"uv": [6, 5.5, 5.75, 5.125], "rotation": 180, "texture": "#1"},
				"east": {"uv": [3.125, 2.75, 3.5, 6.5], "rotation": 90, "texture": "#1"},
				"south": {"uv": [0.25, 10.125, 0, 10.5], "texture": "#1"},
				"west": {"uv": [3.625, 2.75, 4, 6.5], "rotation": 270, "texture": "#1"},
				"up": {"uv": [0, 6.25, 0.25, 10], "texture": "#1"},
				"down": {"uv": [6.125, 5.125, 6.375, 8.875], "rotation": 180, "texture": "#1"}
			}
		},
		{
			"name": "GearCaseOuter",
			"from": [1.045, -2.5, -7],
			"to": [3.045, 0.5, 23],
			"rotation": {"angle": -45, "axis": "x", "origin": [5.025, -1, 8]},
			"faces": {
				"north": {"uv": [6, 5.5, 5.75, 5.125], "rotation": 180, "texture": "#1"},
				"east": {"uv": [3.125, 2.75, 3.5, 6.5], "rotation": 90, "texture": "#1"},
				"south": {"uv": [0.25, 10.125, 0, 10.5], "texture": "#1"},
				"west": {"uv": [3.625, 2.75, 4, 6.5], "rotation": 270, "texture": "#1"},
				"up": {"uv": [0, 6.25, 0.25, 10], "texture": "#1"},
				"down": {"uv": [6.125, 5.125, 6.375, 8.875], "rotation": 180, "texture": "#1"}
			}
		},
		{
			"name": "GearCaseOuter",
			"from": [1, 8, 3],
			"to": [6, 11, 13],
			"rotation": {"angle": 0, "axis": "y", "origin": [-5, -11, 16]},
			"faces": {
				"north": {"uv": [9.375, 4.5, 10, 4.875], "texture": "#1"},
				"east": {"uv": [8.75, 5.875, 10, 6.25], "texture": "#1"},
				"south": {"uv": [9.375, 5, 10, 5.375], "texture": "#1"},
				"west": {"uv": [8.75, 6.375, 10, 6.75], "texture": "#1"},
				"up": {"uv": [7.125, 7.375, 6.5, 6.125], "texture": "#1"},
				"down": {"uv": [3.375, 6.625, 2.75, 7.875], "texture": "#1"}
			}
		},
		{
			"name": "GearCaseOuter",
			"from": [1, -13, 3],
			"to": [6, -10, 13],
			"rotation": {"angle": 0, "axis": "y", "origin": [-5, -7, 16]},
			"faces": {
				"north": {"uv": [3.25, 9.5, 3.875, 9.875], "texture": "#1"},
				"east": {"uv": [8.75, 6.875, 10, 7.25], "texture": "#1"},
				"south": {"uv": [9.625, 1.125, 10.25, 1.5], "texture": "#1"},
				"west": {"uv": [8.75, 7.375, 10, 7.75], "texture": "#1"},
				"up": {"uv": [2, 8.375, 1.375, 7.125], "texture": "#1"},
				"down": {"uv": [7.75, 3.375, 7.125, 4.625], "texture": "#1"}
			}
		},
		{
			"name": "GearCaseOuter",
			"from": [1, -6, 17],
			"to": [5.9, 4, 20],
			"rotation": {"angle": 0, "axis": "y", "origin": [-5, -9, 14]},
			"faces": {
				"north": {"uv": [8, 7.5, 8.625, 8.75], "texture": "#1"},
				"east": {"uv": [9.25, 2.5, 9.625, 3.75], "texture": "#1"},
				"south": {"uv": [8.125, 4.125, 8.75, 5.375], "texture": "#1"},
				"west": {"uv": [9.25, 7.875, 9.625, 9.125], "texture": "#1"},
				"up": {"uv": [3.25, 10.375, 2.625, 10], "texture": "#1"},
				"down": {"uv": [10.625, 3.625, 10, 4], "texture": "#1"}
			}
		},
		{
			"name": "GearCaseOuter",
			"from": [1, -6, -4],
			"to": [6, 4, -1],
			"rotation": {"angle": 0, "axis": "y", "origin": [-5, -9, 18]},
			"faces": {
				"north": {"uv": [7.25, 6.125, 7.875, 7.375], "texture": "#1"},
				"east": {"uv": [8.75, 7.875, 9.125, 9.125], "texture": "#1"},
				"south": {"uv": [7.375, 4.75, 8, 6], "texture": "#1"},
				"west": {"uv": [0.375, 8.875, 0.75, 10.125], "texture": "#1"},
				"up": {"uv": [10.25, 2, 9.625, 1.625], "texture": "#1"},
				"down": {"uv": [10.375, 2.125, 9.75, 2.5], "texture": "#1"}
			}
		},
		{
			"name": "GearCaseOuter",
			"from": [1.02, 4, -4],
			"to": [5.9, 13.9, -1],
			"rotation": {"angle": 45, "axis": "x", "origin": [4, 4, -4]},
			"faces": {
				"north": {"uv": [6.5, 7.5, 7.125, 8.75], "texture": "#1"},
				"east": {"uv": [0.875, 8.875, 1.25, 10.125], "texture": "#1"},
				"south": {"uv": [7.25, 7.5, 7.875, 8.75], "texture": "#1"},
				"west": {"uv": [8.875, 3.875, 9.25, 5.125], "texture": "#1"},
				"up": {"uv": [10.375, 3, 9.75, 2.625], "texture": "#1"},
				"down": {"uv": [10.375, 3.125, 9.75, 3.5], "texture": "#1"}
			}
		},
		{
			"name": "GearCaseOuter",
			"from": [1.02, 4, 17],
			"to": [5.9, 13.9, 20],
			"rotation": {"angle": -45, "axis": "x", "origin": [4, 4, 20]},
			"faces": {
				"north": {"uv": [7.75, 0, 8.375, 1.25], "texture": "#1"},
				"east": {"uv": [6.5, 8.875, 6.875, 10.125], "texture": "#1"},
				"south": {"uv": [7.75, 1.375, 8.375, 2.625], "texture": "#1"},
				"west": {"uv": [7, 8.875, 7.375, 10.125], "texture": "#1"},
				"up": {"uv": [10.375, 8.25, 9.75, 7.875], "texture": "#1"},
				"down": {"uv": [10.375, 8.375, 9.75, 8.75], "texture": "#1"}
			}
		},
		{
			"name": "GearCaseOuter",
			"from": [1.02, -15.9, 17],
			"to": [6, -6, 20],
			"rotation": {"angle": 45, "axis": "x", "origin": [4, -6, 20]},
			"faces": {
				"north": {"uv": [7.875, 2.75, 8.5, 4], "texture": "#1"},
				"east": {"uv": [7.5, 8.875, 7.875, 10.125], "texture": "#1"},
				"south": {"uv": [2.125, 8, 2.75, 9.25], "texture": "#1"},
				"west": {"uv": [8, 8.875, 8.375, 10.125], "texture": "#1"},
				"up": {"uv": [10.375, 9.25, 9.75, 8.875], "texture": "#1"},
				"down": {"uv": [10.375, 9.375, 9.75, 9.75], "texture": "#1"}
			}
		},
		{
			"name": "GearCaseOuter",
			"from": [1.02, -15.9, -4],
			"to": [5.9, -6, -1],
			"rotation": {"angle": -45, "axis": "x", "origin": [4, -6, -4]},
			"faces": {
				"north": {"uv": [2.875, 8, 3.5, 9.25], "texture": "#1"},
				"east": {"uv": [6, 9, 6.375, 10.25], "texture": "#1"},
				"south": {"uv": [8, 6.125, 8.625, 7.375], "texture": "#1"},
				"west": {"uv": [9.125, 1.125, 9.5, 2.375], "texture": "#1"},
				"up": {"uv": [5.375, 10.25, 4.75, 9.875], "texture": "#1"},
				"down": {"uv": [10.375, 9.875, 9.75, 10.25], "texture": "#1"}
			}
		},
		{
			"from": [0.975, -13, -4],
			"to": [0.975, 11, 20],
			"rotation": {"angle": 0, "axis": "y", "origin": [0.975, 0, 0]},
			"faces": {
				"north": {"uv": [5.5, 8.5, 5.5, 11.5], "texture": "#1"},
				"east": {"uv": [0, 0, 3, 3], "texture": "#1"},
				"south": {"uv": [1.875, 9.875, 1.875, 12.875], "texture": "#1"},
				"west": {"uv": [0, 3.125, 3, 6.125], "texture": "#1"},
				"up": {"uv": [3.875, 13, 3.875, 10], "texture": "#1"},
				"down": {"uv": [8.5, 10.125, 8.5, 13.125], "texture": "#1"}
			}
		},
		{
			"name": "GearCaseOuter",
			"from": [11.04, -6, 5],
			"to": [15.05, 4, 11],
			"rotation": {"angle": 0, "axis": "y", "origin": [21.05, -9, 16]},
			"faces": {
				"north": {"uv": [5.25, 8.5, 4.75, 9.75], "texture": "#1"},
				"east": {"uv": [7.25, 4.75, 6.5, 6], "texture": "#1"},
				"south": {"uv": [9.125, 2.5, 8.625, 3.75], "texture": "#1"},
				"west": {"uv": [7, 3.375, 6.25, 4.625], "texture": "#1"},
				"up": {"uv": [9.125, 10, 9.625, 9.25], "texture": "#1"},
				"down": {"uv": [2, 9.375, 2.5, 10.125], "texture": "#1"}
			}
		},
		{
			"name": "GearCaseOuter",
			"from": [11, -4, 3],
			"to": [15, 2, 13],
			"rotation": {"angle": 0, "axis": "y", "origin": [21, -9, 16]},
			"faces": {
				"north": {"uv": [2.625, 7.125, 2.125, 7.875], "texture": "#1"},
				"east": {"uv": [7.5, 2.5, 6.25, 3.25], "texture": "#1"},
				"south": {"uv": [9, 9.25, 8.5, 10], "texture": "#1"},
				"west": {"uv": [2.625, 6.25, 1.375, 7], "texture": "#1"},
				"up": {"uv": [8.5, 2.375, 9, 1.125], "texture": "#1"},
				"down": {"uv": [1.375, 8.5, 1.875, 9.75], "texture": "#1"}
			}
		},
		{
			"name": "GearCaseOuter",
			"from": [11.875, -12, 7],
			"to": [14.875, 10, 9],
			"rotation": {"angle": -45, "axis": "x", "origin": [11.875, -1, 8]},
			"faces": {
				"north": {"uv": [5, 5.5, 4.625, 8.25], "texture": "#1"},
				"east": {"uv": [5.875, 8.25, 5.625, 11], "texture": "#1"},
				"south": {"uv": [5.5, 5.625, 5.125, 8.375], "texture": "#1"},
				"west": {"uv": [3.875, 6.625, 3.625, 9.375], "texture": "#1"},
				"up": {"uv": [10.125, 5.125, 10.5, 4.875], "texture": "#1"},
				"down": {"uv": [10.125, 5.875, 10.5, 6.125], "texture": "#1"}
			}
		},
		{
			"name": "GearCaseOuter",
			"from": [11.825, -2, -2],
			"to": [14.825, 0, 18],
			"rotation": {"angle": 0, "axis": "y", "origin": [11.825, -1, 8]},
			"faces": {
				"north": {"uv": [10.5, 6.25, 10.125, 6.5], "texture": "#1"},
				"east": {"uv": [11, 0.75, 8.5, 1], "texture": "#1"},
				"south": {"uv": [10.5, 6.625, 10.125, 6.875], "texture": "#1"},
				"west": {"uv": [11, 0.375, 8.5, 0.625], "texture": "#1"},
				"up": {"uv": [0.375, 8.75, 0.75, 6.25], "texture": "#1"},
				"down": {"uv": [0.875, 6.25, 1.25, 8.75], "texture": "#1"}
			}
		},
		{
			"name": "GearCaseOuter",
			"from": [11.875, -2, -3],
			"to": [14.875, 0, 19],
			"rotation": {"angle": -45, "axis": "x", "origin": [11.875, -1, 8]},
			"faces": {
				"north": {"uv": [1.75, 9.875, 1.375, 10.125], "texture": "#1"},
				"east": {"uv": [11.25, 0, 8.5, 0.25], "texture": "#1"},
				"south": {"uv": [3.75, 10, 3.375, 10.25], "texture": "#1"},
				"west": {"uv": [10.875, 5.5, 8.125, 5.75], "texture": "#1"},
				"up": {"uv": [5.25, 5.5, 5.625, 2.75], "texture": "#1"},
				"down": {"uv": [4.125, 5.5, 4.5, 8.25], "texture": "#1"}
			}
		},
		{
			"name": "GearCaseOuter",
			"from": [11.9, -11, 7],
			"to": [14.9, 9, 9],
			"rotation": {"angle": 0, "axis": "y", "origin": [11.9, -1, 8]},
			"faces": {
				"north": {"uv": [6, 5.625, 5.625, 8.125], "texture": "#1"},
				"east": {"uv": [4.625, 8.375, 4.375, 10.875], "texture": "#1"},
				"south": {"uv": [6.125, 2.5, 5.75, 5], "texture": "#1"},
				"west": {"uv": [4.25, 8.375, 4, 10.875], "texture": "#1"},
				"up": {"uv": [10, 4.375, 10.375, 4.125], "texture": "#1"},
				"down": {"uv": [10.125, 4.5, 10.5, 4.75], "texture": "#1"}
			}
		},
		{
			"name": "GearCaseOuter",
			"from": [12.955, -16, 6.5],
			"to": [14.955, 14, 9.5],
			"rotation": {"angle": 0, "axis": "y", "origin": [10.975, -1, 8]},
			"faces": {
				"north": {"uv": [6.375, 5.125, 6.125, 8.875], "texture": "#1"},
				"east": {"uv": [4, 2.75, 3.625, 6.5], "texture": "#1"},
				"south": {"uv": [0.25, 6.25, 0, 10], "texture": "#1"},
				"west": {"uv": [3.5, 2.75, 3.125, 6.5], "texture": "#1"},
				"up": {"uv": [5.75, 5.5, 6, 5.125], "texture": "#1"},
				"down": {"uv": [0, 10.125, 0.25, 10.5], "texture": "#1"}
			}
		},
		{
			"name": "GearCaseOuter",
			"from": [12.955, -16, 6.5],
			"to": [14.955, 14, 9.5],
			"rotation": {"angle": -45, "axis": "x", "origin": [10.975, -1, 8]},
			"faces": {
				"north": {"uv": [6.375, 5.125, 6.125, 8.875], "texture": "#1"},
				"east": {"uv": [4, 2.75, 3.625, 6.5], "texture": "#1"},
				"south": {"uv": [0.25, 6.25, 0, 10], "texture": "#1"},
				"west": {"uv": [3.5, 2.75, 3.125, 6.5], "texture": "#1"},
				"up": {"uv": [5.75, 5.5, 6, 5.125], "texture": "#1"},
				"down": {"uv": [0, 10.125, 0.25, 10.5], "texture": "#1"}
			}
		},
		{
			"name": "GearCaseOuter",
			"from": [12.955, -2.5, -7],
			"to": [14.955, 0.5, 23],
			"rotation": {"angle": 0, "axis": "x", "origin": [10.975, -1, 8]},
			"faces": {
				"north": {"uv": [5.75, 5.5, 6, 5.125], "rotation": 180, "texture": "#1"},
				"east": {"uv": [3.625, 6.5, 4, 2.75], "rotation": 270, "texture": "#1"},
				"south": {"uv": [0, 10.125, 0.25, 10.5], "texture": "#1"},
				"west": {"uv": [3.125, 6.5, 3.5, 2.75], "rotation": 90, "texture": "#1"},
				"up": {"uv": [0.25, 6.25, 0, 10], "texture": "#1"},
				"down": {"uv": [6.375, 5.125, 6.125, 8.875], "rotation": 180, "texture": "#1"}
			}
		},
		{
			"name": "GearCaseOuter",
			"from": [12.955, -2.5, -7],
			"to": [14.955, 0.5, 23],
			"rotation": {"angle": -45, "axis": "x", "origin": [10.975, -1, 8]},
			"faces": {
				"north": {"uv": [5.75, 5.5, 6, 5.125], "rotation": 180, "texture": "#1"},
				"east": {"uv": [3.625, 6.5, 4, 2.75], "rotation": 270, "texture": "#1"},
				"south": {"uv": [0, 10.125, 0.25, 10.5], "texture": "#1"},
				"west": {"uv": [3.125, 6.5, 3.5, 2.75], "rotation": 90, "texture": "#1"},
				"up": {"uv": [0.25, 6.25, 0, 10], "texture": "#1"},
				"down": {"uv": [6.375, 5.125, 6.125, 8.875], "rotation": 180, "texture": "#1"}
			}
		},
		{
			"name": "GearCaseOuter",
			"from": [10, 8, 3],
			"to": [15, 11, 13],
			"rotation": {"angle": 0, "axis": "y", "origin": [21, -11, 16]},
			"faces": {
				"north": {"uv": [10, 4.5, 9.375, 4.875], "texture": "#1"},
				"east": {"uv": [10, 6.375, 8.75, 6.75], "texture": "#1"},
				"south": {"uv": [10, 5, 9.375, 5.375], "texture": "#1"},
				"west": {"uv": [10, 5.875, 8.75, 6.25], "texture": "#1"},
				"up": {"uv": [6.5, 7.375, 7.125, 6.125], "texture": "#1"},
				"down": {"uv": [2.75, 6.625, 3.375, 7.875], "texture": "#1"}
			}
		},
		{
			"name": "GearCaseOuter",
			"from": [10, -13, 3],
			"to": [15, -10, 13],
			"rotation": {"angle": 0, "axis": "y", "origin": [21, -7, 16]},
			"faces": {
				"north": {"uv": [3.875, 9.5, 3.25, 9.875], "texture": "#1"},
				"east": {"uv": [10, 7.375, 8.75, 7.75], "texture": "#1"},
				"south": {"uv": [10.25, 1.125, 9.625, 1.5], "texture": "#1"},
				"west": {"uv": [10, 6.875, 8.75, 7.25], "texture": "#1"},
				"up": {"uv": [1.375, 8.375, 2, 7.125], "texture": "#1"},
				"down": {"uv": [7.125, 3.375, 7.75, 4.625], "texture": "#1"}
			}
		},
		{
			"name": "GearCaseOuter",
			"from": [10.1, -6, 17],
			"to": [15, 4, 20],
			"rotation": {"angle": 0, "axis": "y", "origin": [21, -9, 14]},
			"faces": {
				"north": {"uv": [8.625, 7.5, 8, 8.75], "texture": "#1"},
				"east": {"uv": [9.625, 7.875, 9.25, 9.125], "texture": "#1"},
				"south": {"uv": [8.75, 4.125, 8.125, 5.375], "texture": "#1"},
				"west": {"uv": [9.625, 2.5, 9.25, 3.75], "texture": "#1"},
				"up": {"uv": [2.625, 10.375, 3.25, 10], "texture": "#1"},
				"down": {"uv": [10, 3.625, 10.625, 4], "texture": "#1"}
			}
		},
		{
			"name": "GearCaseOuter",
			"from": [10, -6, -4],
			"to": [15, 4, -1],
			"rotation": {"angle": 0, "axis": "y", "origin": [21, -9, 18]},
			"faces": {
				"north": {"uv": [7.875, 6.125, 7.25, 7.375], "texture": "#1"},
				"east": {"uv": [0.75, 8.875, 0.375, 10.125], "texture": "#1"},
				"south": {"uv": [8, 4.75, 7.375, 6], "texture": "#1"},
				"west": {"uv": [9.125, 7.875, 8.75, 9.125], "texture": "#1"},
				"up": {"uv": [9.625, 2, 10.25, 1.625], "texture": "#1"},
				"down": {"uv": [9.75, 2.125, 10.375, 2.5], "texture": "#1"}
			}
		},
		{
			"name": "GearCaseOuter",
			"from": [10.1, 4, -4],
			"to": [14.98, 13.9, -1],
			"rotation": {"angle": 45, "axis": "x", "origin": [12, 4, -4]},
			"faces": {
				"north": {"uv": [7.125, 7.5, 6.5, 8.75], "texture": "#1"},
				"east": {"uv": [9.25, 3.875, 8.875, 5.125], "texture": "#1"},
				"south": {"uv": [7.875, 7.5, 7.25, 8.75], "texture": "#1"},
				"west": {"uv": [1.25, 8.875, 0.875, 10.125], "texture": "#1"},
				"up": {"uv": [9.75, 3, 10.375, 2.625], "texture": "#1"},
				"down": {"uv": [9.75, 3.125, 10.375, 3.5], "texture": "#1"}
			}
		},
		{
			"name": "GearCaseOuter",
			"from": [10.1, 4, 17],
			"to": [14.98, 13.9, 20],
			"rotation": {"angle": -45, "axis": "x", "origin": [12, 4, 20]},
			"faces": {
				"north": {"uv": [8.375, 0, 7.75, 1.25], "texture": "#1"},
				"east": {"uv": [7.375, 8.875, 7, 10.125], "texture": "#1"},
				"south": {"uv": [8.375, 1.375, 7.75, 2.625], "texture": "#1"},
				"west": {"uv": [6.875, 8.875, 6.5, 10.125], "texture": "#1"},
				"up": {"uv": [9.75, 8.25, 10.375, 7.875], "texture": "#1"},
				"down": {"uv": [9.75, 8.375, 10.375, 8.75], "texture": "#1"}
			}
		},
		{
			"name": "GearCaseOuter",
			"from": [10, -15.9, 17],
			"to": [14.98, -6, 20],
			"rotation": {"angle": 45, "axis": "x", "origin": [12, -6, 20]},
			"faces": {
				"north": {"uv": [8.5, 2.75, 7.875, 4], "texture": "#1"},
				"east": {"uv": [8.375, 8.875, 8, 10.125], "texture": "#1"},
				"south": {"uv": [2.75, 8, 2.125, 9.25], "texture": "#1"},
				"west": {"uv": [7.875, 8.875, 7.5, 10.125], "texture": "#1"},
				"up": {"uv": [9.75, 9.25, 10.375, 8.875], "texture": "#1"},
				"down": {"uv": [9.75, 9.375, 10.375, 9.75], "texture": "#1"}
			}
		},
		{
			"name": "GearCaseOuter",
			"from": [10.1, -15.9, -4],
			"to": [14.98, -6, -1],
			"rotation": {"angle": -45, "axis": "x", "origin": [12, -6, -4]},
			"faces": {
				"north": {"uv": [3.5, 8, 2.875, 9.25], "texture": "#1"},
				"east": {"uv": [9.5, 1.125, 9.125, 2.375], "texture": "#1"},
				"south": {"uv": [8.625, 6.125, 8, 7.375], "texture": "#1"},
				"west": {"uv": [6.375, 9, 6, 10.25], "texture": "#1"},
				"up": {"uv": [4.75, 10.25, 5.375, 9.875], "texture": "#1"},
				"down": {"uv": [9.75, 9.875, 10.375, 10.25], "texture": "#1"}
			}
		},
		{
			"from": [15.025, -13, -4],
			"to": [15.025, 11, 20],
			"rotation": {"angle": 0, "axis": "y", "origin": [15.025, 0, 0]},
			"faces": {
				"north": {"uv": [5.5, 8.5, 5.5, 11.5], "texture": "#1"},
				"east": {"uv": [3, 3.125, 0, 6.125], "texture": "#1"},
				"south": {"uv": [1.875, 9.875, 1.875, 12.875], "texture": "#1"},
				"west": {"uv": [3, 0, 0, 3], "texture": "#1"},
				"up": {"uv": [3.875, 13, 3.875, 10], "texture": "#1"},
				"down": {"uv": [8.5, 10.125, 8.5, 13.125], "texture": "#1"}
			}
		},
		{
			"name": "GearCaseOuter",
			"from": [-0.05, -3.05, 5.95],
			"to": [16.05, 1.05, 10.05],
			"rotation": {"angle": 0, "axis": "y", "origin": [-5, -9, 16]},
			"faces": {
				"north": {"uv": [5.625, 0, 7.625, 0.5], "texture": "#1"},
				"east": {"uv": [2.625, 9.375, 3.125, 9.875], "texture": "#1"},
				"south": {"uv": [5.625, 0.625, 7.625, 1.125], "texture": "#1"},
				"west": {"uv": [9.375, 3.875, 9.875, 4.375], "texture": "#1"},
				"up": {"uv": [7.625, 1.75, 5.625, 1.25], "texture": "#1"},
				"down": {"uv": [7.625, 1.875, 5.625, 2.375], "texture": "#1"}
			}
		}
	],
	"display": {
		"thirdperson_righthand": {
			"rotation": [75, 45, 0],
			"translation": [0, 2.5, 0],
			"scale": [0.375, 0.375, 0.375]
		},
		"thirdperson_lefthand": {
			"rotation": [75, 45, 0],
			"translation": [0, 2.5, 0],
			"scale": [0.375, 0.375, 0.375]
		},
		"firstperson_righthand": {
			"rotation": [0, 28, 0],
			"translation": [2, 0, 0],
			"scale": [0.4, 0.4, 0.4]
		},
		"firstperson_lefthand": {
			"rotation": [0, 225, 0],
			"scale": [0.4, 0.4, 0.4]
		},
		"ground": {
			"translation": [0, 3, 0],
			"scale": [0.25, 0.25, 0.25]
		},
		"gui": {
			"rotation": [30, 225, 0],
			"translation": [0, 3.75, 0],
			"scale": [0.5, 0.5, 0.5]
		},
		"fixed": {
			"rotation": [0, 90, 0],
			"translation": [0, 4.5, 0],
			"scale": [0.45, 0.45, 0.45]
		}
	},
	"groups": [
		0,
		{
			"name": "cogwheel_shaftless",
			"origin": [8, 8, 8],
			"color": 0,
			"children": [1, 2, 3, 4, 5, 6, 7, 8, 9, 10, 11, 12, 13, 14, 15, 16, 17, 18, 19]
		},
		{
			"name": "cogwheel_shaftless",
			"origin": [8, 8, 8],
			"color": 0,
			"children": [20, 21, 22, 23, 24, 25, 26, 27, 28, 29, 30, 31, 32, 33, 34, 35, 36, 37, 38]
		},
		39
	]
}