{
	"credit": "Made with Blockbench",
	"parent": "create:block/large_wheels",
	"texture_size": [128, 128],
	"textures": {
		"0": "trackwork:block/wheel_large",
		"particle": "trackwork:block/wheel_large"
	},
	"elements": [
		{
			"name": "GearCaseOuter",
			"from": [8.425, 9, 2],
			"to": [14.5, 13, 14],
			"rotation": {"angle": 0, "axis": "y", "origin": [20.5, -9, 0]},
			"faces": {
				"north": {"uv": [9, 6.5, 9.75, 7], "texture": "#0"},
				"east": {"uv": [7.5, 8.125, 9, 8.625], "texture": "#0"},
				"south": {"uv": [9.125, 7.875, 9.875, 8.375], "texture": "#0"},
				"west": {"uv": [8.375, 5, 9.875, 5.5], "texture": "#0"},
				"up": {"uv": [7, 5, 6.25, 3.5], "texture": "#0"},
				"down": {"uv": [7.375, 5.125, 6.625, 6.625], "texture": "#0"}
			}
		},
		{
			"name": "GearCaseOuter",
			"from": [8.5, 8, 13.6],
			"to": [14.48, 12, 24.9],
			"rotation": {"angle": 45, "axis": "x", "origin": [10.5, 12, 15]},
			"faces": {
				"north": {"uv": [3, 9.375, 3.75, 9.875], "texture": "#0"},
				"east": {"uv": [0, 8.875, 1.375, 9.375], "texture": "#0"},
				"south": {"uv": [3.875, 9.375, 4.625, 9.875], "texture": "#0"},
				"west": {"uv": [1.5, 8.875, 2.875, 9.375], "texture": "#0"},
				"up": {"uv": [8.25, 6.5, 7.5, 5.125], "texture": "#0"},
				"down": {"uv": [8.25, 6.625, 7.5, 8], "texture": "#0"}
			}
		},
		{
			"name": "GearCaseOuter",
			"from": [8.5, 8, -8.9],
			"to": [14.48, 12, 2.4],
			"rotation": {"angle": -45, "axis": "x", "origin": [10.5, 12, 1]},
			"faces": {
				"north": {"uv": [4.75, 9.375, 5.5, 9.875], "texture": "#0"},
				"east": {"uv": [8.875, 3, 10.25, 3.5], "texture": "#0"},
				"south": {"uv": [8, 9.375, 8.75, 9.875], "texture": "#0"},
				"west": {"uv": [8.875, 3.625, 10.25, 4.125], "texture": "#0"},
				"up": {"uv": [4.25, 9.25, 3.5, 7.875], "texture": "#0"},
				"down": {"uv": [5.125, 7.875, 4.375, 9.25], "texture": "#0"}
			}
		},
		{
			"name": "GearCaseOuter",
			"from": [8.5, -14, -8.9],
			"to": [14.48, -10, 2.4],
			"rotation": {"angle": 45, "axis": "x", "origin": [10.5, -14, 1]},
			"faces": {
				"north": {"uv": [8.875, 9.375, 9.625, 9.875], "texture": "#0"},
				"east": {"uv": [8.875, 4.25, 10.25, 4.75], "texture": "#0"},
				"south": {"uv": [0, 9.5, 0.75, 10], "texture": "#0"},
				"west": {"uv": [9, 0, 10.375, 0.5], "texture": "#0"},
				"up": {"uv": [6, 9.25, 5.25, 7.875], "texture": "#0"},
				"down": {"uv": [8.75, 3.5, 8, 4.875], "texture": "#0"}
			}
		},
		{
			"name": "GearCaseOuter",
			"from": [8.5, -14, 13.6],
			"to": [14.48, -10, 24.9],
			"rotation": {"angle": -45, "axis": "x", "origin": [10.5, -14, 15]},
			"faces": {
				"north": {"uv": [0.875, 9.5, 1.625, 10], "texture": "#0"},
				"east": {"uv": [9, 0.625, 10.375, 1.125], "texture": "#0"},
				"south": {"uv": [1.75, 9.5, 2.5, 10], "texture": "#0"},
				"west": {"uv": [9, 1.25, 10.375, 1.75], "texture": "#0"},
				"up": {"uv": [8.875, 1.375, 8.125, 0], "texture": "#0"},
				"down": {"uv": [8.875, 1.5, 8.125, 2.875], "texture": "#0"}
			}
		},
		{
			"name": "GearCaseOuter",
			"from": [8.425, -7, 18],
			"to": [14.5, 5, 22],
			"rotation": {"angle": 0, "axis": "y", "origin": [20.5, -9, 0]},
			"faces": {
				"north": {"uv": [6.625, 6.75, 7.375, 8.25], "texture": "#0"},
				"east": {"uv": [8.375, 5.625, 8.875, 7.125], "texture": "#0"},
				"south": {"uv": [7.125, 3.5, 7.875, 5], "texture": "#0"},
				"west": {"uv": [6.125, 8.375, 6.625, 9.875], "texture": "#0"},
				"up": {"uv": [10.375, 9, 9.625, 8.5], "texture": "#0"},
				"down": {"uv": [10.5, 9.125, 9.75, 9.625], "texture": "#0"}
			}
		},
		{
			"name": "GearCaseOuter",
			"from": [8.425, -7, -6],
			"to": [14.5, 5, -2],
			"rotation": {"angle": 0, "axis": "y", "origin": [20.5, -9, 0]},
			"faces": {
				"north": {"uv": [0, 7.25, 0.75, 8.75], "texture": "#0"},
				"east": {"uv": [6.75, 8.375, 7.25, 9.875], "texture": "#0"},
				"south": {"uv": [0.875, 7.25, 1.625, 8.75], "texture": "#0"},
				"west": {"uv": [7.375, 8.75, 7.875, 10.25], "texture": "#0"},
				"up": {"uv": [10.5, 10.25, 9.75, 9.75], "texture": "#0"},
				"down": {"uv": [10.625, 1.875, 9.875, 2.375], "texture": "#0"}
			}
		},
		{
			"name": "GearCaseOuter",
			"from": [8.425, -15, 2],
			"to": [14.5, -11, 14],
			"rotation": {"angle": 0, "axis": "y", "origin": [20.5, -9, 0]},
			"faces": {
				"north": {"uv": [9.875, 5.625, 10.625, 6.125], "texture": "#0"},
				"east": {"uv": [8.375, 7.25, 9.875, 7.75], "texture": "#0"},
				"south": {"uv": [9.875, 6.25, 10.625, 6.75], "texture": "#0"},
				"west": {"uv": [8, 8.75, 9.5, 9.25], "texture": "#0"},
				"up": {"uv": [2.5, 8.75, 1.75, 7.25], "texture": "#0"},
				"down": {"uv": [3.375, 7.25, 2.625, 8.75], "texture": "#0"}
			}
		},
		{
			"name": "GearCaseOuter",
			"from": [8.6, -11, -2],
			"to": [13.6, 9, 18],
			"rotation": {"angle": 0, "axis": "y", "origin": [20.6, -9, 0]},
			"faces": {
				"north": {"uv": [3.625, 5.25, 4.25, 7.75], "texture": "#0"},
				"east": {"uv": [3.625, 0, 6.125, 2.5], "texture": "#0"},
				"south": {"uv": [4.375, 5.25, 5, 7.75], "texture": "#0"},
				"west": {"uv": [3.625, 2.625, 6.125, 5.125], "texture": "#0"},
				"up": {"uv": [5.75, 7.75, 5.125, 5.25], "texture": "#0"},
				"down": {"uv": [6.5, 5.25, 5.875, 7.75], "texture": "#0"}
			}
		},
		{
			"from": [14.525, -15, -6],
			"to": [14.525, 13, 22],
			"faces": {
				"north": {"uv": [5.625, 9.375, 5.625, 12.875], "texture": "#0"},
				"east": {"uv": [0, 0, 3.5, 3.5], "texture": "#0"},
				"south": {"uv": [5.75, 9.375, 5.75, 12.875], "texture": "#0"},
				"west": {"uv": [0, 3.625, 3.5, 7.125], "texture": "#0"},
				"up": {"uv": [5.875, 12.875, 5.875, 9.375], "texture": "#0"},
				"down": {"uv": [6, 9.375, 6, 12.875], "texture": "#0"}
			}
		},
		{
			"name": "GearCaseOuter",
			"from": [1.5, 9, 2],
			"to": [7.575, 13, 14],
			"rotation": {"angle": 0, "axis": "y", "origin": [-4.5, -9, 0]},
			"faces": {
				"north": {"uv": [9.75, 6.5, 9, 7], "texture": "#0"},
				"east": {"uv": [9.875, 5, 8.375, 5.5], "texture": "#0"},
				"south": {"uv": [9.875, 7.875, 9.125, 8.375], "texture": "#0"},
				"west": {"uv": [9, 8.125, 7.5, 8.625], "texture": "#0"},
				"up": {"uv": [6.25, 5, 7, 3.5], "texture": "#0"},
				"down": {"uv": [6.625, 5.125, 7.375, 6.625], "texture": "#0"}
			}
		},
		{
			"name": "GearCaseOuter",
			"from": [1.52, 8, 13.6],
			"to": [7.5, 12, 24.9],
			"rotation": {"angle": 45, "axis": "x", "origin": [5.5, 12, 15]},
			"faces": {
				"north": {"uv": [3.75, 9.375, 3, 9.875], "texture": "#0"},
				"east": {"uv": [2.875, 8.875, 1.5, 9.375], "texture": "#0"},
				"south": {"uv": [4.625, 9.375, 3.875, 9.875], "texture": "#0"},
				"west": {"uv": [1.375, 8.875, 0, 9.375], "texture": "#0"},
				"up": {"uv": [7.5, 6.5, 8.25, 5.125], "texture": "#0"},
				"down": {"uv": [7.5, 6.625, 8.25, 8], "texture": "#0"}
			}
		},
		{
			"name": "GearCaseOuter",
			"from": [1.52, 8, -8.9],
			"to": [7.5, 12, 2.4],
			"rotation": {"angle": -45, "axis": "x", "origin": [5.5, 12, 1]},
			"faces": {
				"north": {"uv": [5.5, 9.375, 4.75, 9.875], "texture": "#0"},
				"east": {"uv": [10.25, 3.625, 8.875, 4.125], "texture": "#0"},
				"south": {"uv": [8.75, 9.375, 8, 9.875], "texture": "#0"},
				"west": {"uv": [10.25, 3, 8.875, 3.5], "texture": "#0"},
				"up": {"uv": [3.5, 9.25, 4.25, 7.875], "texture": "#0"},
				"down": {"uv": [4.375, 7.875, 5.125, 9.25], "texture": "#0"}
			}
		},
		{
			"name": "GearCaseOuter",
			"from": [1.52, -14, -8.9],
			"to": [7.5, -10, 2.4],
			"rotation": {"angle": 45, "axis": "x", "origin": [5.5, -14, 1]},
			"faces": {
				"north": {"uv": [9.625, 9.375, 8.875, 9.875], "texture": "#0"},
				"east": {"uv": [10.375, 0, 9, 0.5], "texture": "#0"},
				"south": {"uv": [0.75, 9.5, 0, 10], "texture": "#0"},
				"west": {"uv": [10.25, 4.25, 8.875, 4.75], "texture": "#0"},
				"up": {"uv": [5.25, 9.25, 6, 7.875], "texture": "#0"},
				"down": {"uv": [8, 3.5, 8.75, 4.875], "texture": "#0"}
			}
		},
		{
			"name": "GearCaseOuter",
			"from": [1.52, -14, 13.6],
			"to": [7.5, -10, 24.9],
			"rotation": {"angle": -45, "axis": "x", "origin": [5.5, -14, 15]},
			"faces": {
				"north": {"uv": [1.625, 9.5, 0.875, 10], "texture": "#0"},
				"east": {"uv": [10.375, 1.25, 9, 1.75], "texture": "#0"},
				"south": {"uv": [2.5, 9.5, 1.75, 10], "texture": "#0"},
				"west": {"uv": [10.375, 0.625, 9, 1.125], "texture": "#0"},
				"up": {"uv": [8.125, 1.375, 8.875, 0], "texture": "#0"},
				"down": {"uv": [8.125, 1.5, 8.875, 2.875], "texture": "#0"}
			}
		},
		{
			"name": "GearCaseOuter",
			"from": [1.5, -7, 18],
			"to": [7.575, 5, 22],
			"rotation": {"angle": 0, "axis": "y", "origin": [-4.5, -9, 0]},
			"faces": {
				"north": {"uv": [7.375, 6.75, 6.625, 8.25], "texture": "#0"},
				"east": {"uv": [6.625, 8.375, 6.125, 9.875], "texture": "#0"},
				"south": {"uv": [7.875, 3.5, 7.125, 5], "texture": "#0"},
				"west": {"uv": [8.875, 5.625, 8.375, 7.125], "texture": "#0"},
				"up": {"uv": [9.625, 9, 10.375, 8.5], "texture": "#0"},
				"down": {"uv": [9.75, 9.125, 10.5, 9.625], "texture": "#0"}
			}
		},
		{
			"name": "GearCaseOuter",
			"from": [1.5, -7, -6],
			"to": [7.575, 5, -2],
			"rotation": {"angle": 0, "axis": "y", "origin": [-4.5, -9, 0]},
			"faces": {
				"north": {"uv": [0.75, 7.25, 0, 8.75], "texture": "#0"},
				"east": {"uv": [7.875, 8.75, 7.375, 10.25], "texture": "#0"},
				"south": {"uv": [1.625, 7.25, 0.875, 8.75], "texture": "#0"},
				"west": {"uv": [7.25, 8.375, 6.75, 9.875], "texture": "#0"},
				"up": {"uv": [9.75, 10.25, 10.5, 9.75], "texture": "#0"},
				"down": {"uv": [9.875, 1.875, 10.625, 2.375], "texture": "#0"}
			}
		},
		{
			"name": "GearCaseOuter",
			"from": [1.5, -15, 2],
			"to": [7.575, -11, 14],
			"rotation": {"angle": 0, "axis": "y", "origin": [-4.5, -9, 0]},
			"faces": {
				"north": {"uv": [10.625, 5.625, 9.875, 6.125], "texture": "#0"},
				"east": {"uv": [9.5, 8.75, 8, 9.25], "texture": "#0"},
				"south": {"uv": [10.625, 6.25, 9.875, 6.75], "texture": "#0"},
				"west": {"uv": [9.875, 7.25, 8.375, 7.75], "texture": "#0"},
				"up": {"uv": [1.75, 8.75, 2.5, 7.25], "texture": "#0"},
				"down": {"uv": [2.625, 7.25, 3.375, 8.75], "texture": "#0"}
			}
		},
		{
			"name": "GearCaseOuter",
			"from": [2.4, -11, -2],
			"to": [7.4, 9, 18],
			"rotation": {"angle": 0, "axis": "y", "origin": [-4.6, -9, 0]},
			"faces": {
				"north": {"uv": [4.25, 5.25, 3.625, 7.75], "texture": "#0"},
				"east": {"uv": [6.125, 2.625, 3.625, 5.125], "texture": "#0"},
				"south": {"uv": [5, 5.25, 4.375, 7.75], "texture": "#0"},
				"west": {"uv": [6.125, 0, 3.625, 2.5], "texture": "#0"},
				"up": {"uv": [5.125, 7.75, 5.75, 5.25], "texture": "#0"},
				"down": {"uv": [5.875, 5.25, 6.5, 7.75], "texture": "#0"}
			}
		},
		{
			"from": [1.475, -15, -6],
			"to": [1.475, 13, 22],
			"rotation": {"angle": 0, "axis": "y", "origin": [16, 0, 0]},
			"faces": {
				"north": {"uv": [5.625, 9.375, 5.625, 12.875], "texture": "#0"},
				"east": {"uv": [3.5, 3.625, 0, 7.125], "texture": "#0"},
				"south": {"uv": [5.75, 9.375, 5.75, 12.875], "texture": "#0"},
				"west": {"uv": [3.5, 0, 0, 3.5], "texture": "#0"},
				"up": {"uv": [5.875, 12.875, 5.875, 9.375], "texture": "#0"},
				"down": {"uv": [6, 9.375, 6, 12.875], "texture": "#0"}
			}
		},
		{
			"name": "GearCaseOuter",
			"from": [1, -4, 5],
			"to": [15, 2, 11],
			"rotation": {"angle": 0, "axis": "y", "origin": [21, -9, 0]},
			"faces": {
				"north": {"uv": [6.25, 0, 8, 0.75], "texture": "#0"},
				"east": {"uv": [9, 1.875, 9.75, 2.625], "texture": "#0"},
				"south": {"uv": [6.25, 0.875, 8, 1.625], "texture": "#0"},
				"west": {"uv": [9, 5.625, 9.75, 6.375], "texture": "#0"},
				"up": {"uv": [8, 2.5, 6.25, 1.75], "texture": "#0"},
				"down": {"uv": [8, 2.625, 6.25, 3.375], "texture": "#0"}
			}
		}
	],
	"display": {
		"thirdperson_righthand": {
			"rotation": [75, -2, 0],
			"translation": [0.5, 1.5, 0],
			"scale": [0.19, 0.19, 0.19]
		},
		"thirdperson_lefthand": {
			"rotation": [75, 45, 0],
			"translation": [0, 2.5, 0],
			"scale": [0.38, 0.375, 0.375]
		},
		"firstperson_righthand": {
			"rotation": [0, 12, 0],
			"translation": [0, 2.25, 0],
			"scale": [0.19, 0.19, 0.19]
		},
		"firstperson_lefthand": {
			"rotation": [0, 225, 0],
			"scale": [0.4, 0.4, 0.4]
		},
		"ground": {
			"translation": [0, 3, 0],
			"scale": [0.25, 0.25, 0.25]
		},
		"gui": {
			"rotation": [30, 225, 0],
			"translation": [0, 4, 0],
			"scale": [0.5, 0.5, 0.5]
		},
		"fixed": {
			"rotation": [0, 90, 0],
			"translation": [0, 4.75, 0],
			"scale": [0.45, 0.45, 0.45]
		}
	},
	"groups": [
		{
			"name": "cogwheel_shaftless",
			"origin": [8, 8, 8],
			"color": 0,
			"children": [0, 1, 2, 3, 4, 5, 6, 7, 8, 9]
		},
		{
			"name": "cogwheel_shaftless",
			"origin": [8, 8, 8],
			"color": 0,
			"children": [10, 11, 12, 13, 14, 15, 16, 17, 18, 19]
		},
		20
	]
}