{
	"credit": "Made with Blockbench",
	"texture_size": [64, 64],
	"textures": {
		"0": "alexscaves:block/nuclear_bomb",
		"particle": "alexscaves:block/nuclear_bomb"
	},
	"elements": [
		{
			"from": [1, 1, 1],
			"to": [15, 15, 15],
			"faces": {
				"north": {"uv": [0, 0, 3.5, 3.5], "texture": "#0"},
				"east": {"uv": [0, 3.5, 3.5, 7], "texture": "#0"},
				"south": {"uv": [3.5, 0, 7, 3.5], "texture": "#0"},
				"west": {"uv": [3.5, 3.5, 7, 7], "texture": "#0"},
				"up": {"uv": [3.5, 10.5, 0, 7], "texture": "#0"},
				"down": {"uv": [10.5, 0, 7, 3.5], "texture": "#0"}
			}
		},
		{
			"from": [5, 5, 0],
			"to": [11, 11, 1],
			"rotation": {"angle": 45, "axis": "z", "origin": [8, 8, 8]},
			"faces": {
				"north": {"uv": [3.5, 7, 5, 8.5], "texture": "#0"},
				"east": {"uv": [11.5, 1, 11.75, 2.5], "texture": "#0"},
				"west": {"uv": [11.5, 8.5, 11.75, 10], "texture": "#0"},
				"up": {"uv": [13, 2.75, 11.5, 2.5], "texture": "#0"},
				"down": {"uv": [13, 2.75, 11.5, 3], "texture": "#0"}
			}
		},
		{
			"from": [5, 5, 15],
			"to": [11, 11, 16],
			"rotation": {"angle": 45, "axis": "z", "origin": [8, 8, 8]},
			"faces": {
				"east": {"uv": [11, 11.5, 11.25, 13], "texture": "#0"},
				"south": {"uv": [7, 3.5, 8.5, 5], "texture": "#0"},
				"west": {"uv": [11.25, 11.5, 11.5, 13], "texture": "#0"},
				"up": {"uv": [13, 3.25, 11.5, 3], "texture": "#0"},
				"down": {"uv": [13, 3.25, 11.5, 3.5], "texture": "#0"}
			}
		},
		{
			"from": [0, 5, 5],
			"to": [1, 11, 11],
			"rotation": {"angle": 45, "axis": "x", "origin": [8, 8, 8]},
			"faces": {
				"north": {"uv": [12, 1, 12.25, 2.5], "texture": "#0"},
				"south": {"uv": [12, 8, 12.25, 9.5], "texture": "#0"},
				"west": {"uv": [7, 5, 8.5, 6.5], "texture": "#0"},
				"up": {"uv": [12.25, 13, 12, 11.5], "texture": "#0"},
				"down": {"uv": [12.5, 1, 12.25, 2.5], "texture": "#0"}
			}
		},
		{
			"from": [15, 5, 5],
			"to": [16, 11, 11],
			"rotation": {"angle": 45, "axis": "x", "origin": [8, 8, 8]},
			"faces": {
				"north": {"uv": [11.5, 11.5, 11.75, 13], "texture": "#0"},
				"east": {"uv": [5, 7, 6.5, 8.5], "texture": "#0"},
				"south": {"uv": [11.75, 1, 12, 2.5], "texture": "#0"},
				"up": {"uv": [12, 10, 11.75, 8.5], "texture": "#0"},
				"down": {"uv": [12, 11.5, 11.75, 13], "texture": "#0"}
			}
		},
		{
			"from": [5, 0, 5],
			"to": [11, 1, 11],
			"rotation": {"angle": -45, "axis": "y", "origin": [8, 8, 8]},
			"faces": {
				"north": {"uv": [12, 9.5, 13.5, 9.75], "texture": "#0"},
				"east": {"uv": [12, 9.75, 13.5, 10], "texture": "#0"},
				"south": {"uv": [12.25, 8, 13.75, 8.25], "texture": "#0"},
				"west": {"uv": [12.25, 8.25, 13.75, 8.5], "texture": "#0"},
				"down": {"uv": [8, 7, 6.5, 8.5], "texture": "#0"}
			}
		},
		{
			"from": [0, 0, 0],
			"to": [16, 2, 2],
			"faces": {
				"north": {"uv": [8, 8, 12, 8.5], "texture": "#0"},
				"east": {"uv": [7, 6.5, 7.5, 7], "texture": "#0"},
				"south": {"uv": [3.5, 8.5, 7.5, 9], "texture": "#0"},
				"west": {"uv": [7.5, 6.5, 8, 7], "texture": "#0"},
				"up": {"uv": [12.5, 4, 8.5, 3.5], "texture": "#0"},
				"down": {"uv": [12.5, 4, 8.5, 4.5], "texture": "#0"}
			}
		},
		{
			"from": [0, 0, 2],
			"to": [2, 2, 14],
			"rotation": {"angle": 0, "axis": "y", "origin": [0, 0, 1]},
			"faces": {
				"east": {"uv": [3.5, 10, 6.5, 10.5], "texture": "#0"},
				"west": {"uv": [6.5, 10, 9.5, 10.5], "texture": "#0"},
				"up": {"uv": [10, 13, 9.5, 10], "texture": "#0"},
				"down": {"uv": [10.5, 10, 10, 13], "texture": "#0"}
			}
		},
		{
			"from": [14, 0, 2],
			"to": [16, 2, 14],
			"rotation": {"angle": 0, "axis": "y", "origin": [15, 0, 1]},
			"faces": {
				"east": {"uv": [0, 10.5, 3, 11], "texture": "#0"},
				"west": {"uv": [10.5, 0, 13.5, 0.5], "texture": "#0"},
				"up": {"uv": [11, 3.5, 10.5, 0.5], "texture": "#0"},
				"down": {"uv": [3.5, 10.5, 3, 13.5], "texture": "#0"}
			}
		},
		{
			"from": [0, 0, 14],
			"to": [16, 2, 16],
			"rotation": {"angle": 0, "axis": "x", "origin": [0, 0, 15]},
			"faces": {
				"north": {"uv": [8.5, 4.5, 12.5, 5], "texture": "#0"},
				"east": {"uv": [12.25, 11.5, 12.75, 12], "texture": "#0"},
				"south": {"uv": [8.5, 5, 12.5, 5.5], "texture": "#0"},
				"west": {"uv": [12.25, 12, 12.75, 12.5], "texture": "#0"},
				"up": {"uv": [12.5, 6, 8.5, 5.5], "texture": "#0"},
				"down": {"uv": [12.5, 6, 8.5, 6.5], "texture": "#0"}
			}
		},
		{
			"from": [0, 14, 2],
			"to": [2, 16, 14],
			"rotation": {"angle": 0, "axis": "z", "origin": [0, 14, 1]},
			"faces": {
				"east": {"uv": [11, 11, 14, 11.5], "texture": "#0"},
				"west": {"uv": [11.5, 0.5, 14.5, 1], "texture": "#0"},
				"up": {"uv": [2.5, 14, 2, 11], "texture": "#0"},
				"down": {"uv": [3, 11, 2.5, 14], "texture": "#0"}
			}
		},
		{
			"from": [0, 14, 0],
			"to": [16, 16, 2],
			"rotation": {"angle": 0, "axis": "x", "origin": [0, 14, 0]},
			"faces": {
				"north": {"uv": [9.5, 6.5, 13.5, 7], "texture": "#0"},
				"east": {"uv": [12.5, 2, 13, 2.5], "texture": "#0"},
				"south": {"uv": [9.5, 7, 13.5, 7.5], "texture": "#0"},
				"west": {"uv": [12.5, 3.5, 13, 4], "texture": "#0"},
				"up": {"uv": [11.5, 10, 7.5, 9.5], "texture": "#0"},
				"down": {"uv": [13.5, 7.5, 9.5, 8], "texture": "#0"}
			}
		},
		{
			"from": [0, 14, 14],
			"to": [16, 16, 16],
			"rotation": {"angle": 0, "axis": "x", "origin": [0, 14, 15]},
			"faces": {
				"north": {"uv": [7.5, 8.5, 11.5, 9], "texture": "#0"},
				"east": {"uv": [12.5, 1, 13, 1.5], "texture": "#0"},
				"south": {"uv": [3.5, 9, 7.5, 9.5], "texture": "#0"},
				"west": {"uv": [12.5, 1.5, 13, 2], "texture": "#0"},
				"up": {"uv": [11.5, 9.5, 7.5, 9], "texture": "#0"},
				"down": {"uv": [7.5, 9.5, 3.5, 10], "texture": "#0"}
			}
		},
		{
			"from": [14, 14, 2],
			"to": [16, 16, 14],
			"rotation": {"angle": 0, "axis": "z", "origin": [15, 15, 8]},
			"faces": {
				"east": {"uv": [11, 10, 14, 10.5], "texture": "#0"},
				"west": {"uv": [11, 10.5, 14, 11], "texture": "#0"},
				"up": {"uv": [1.5, 14, 1, 11], "texture": "#0"},
				"down": {"uv": [2, 11, 1.5, 14], "texture": "#0"}
			}
		},
		{
			"from": [0, 2, 0],
			"to": [2, 14, 2],
			"rotation": {"angle": 0, "axis": "y", "origin": [0, 14, 0]},
			"faces": {
				"north": {"uv": [3.5, 10.5, 4, 13.5], "texture": "#0"},
				"east": {"uv": [4, 10.5, 4.5, 13.5], "texture": "#0"},
				"south": {"uv": [4.5, 10.5, 5, 13.5], "texture": "#0"},
				"west": {"uv": [5, 10.5, 5.5, 13.5], "texture": "#0"}
			}
		},
		{
			"from": [14, 2, 0],
			"to": [16, 14, 2],
			"rotation": {"angle": 0, "axis": "y", "origin": [15, 14, 0]},
			"faces": {
				"north": {"uv": [5.5, 10.5, 6, 13.5], "texture": "#0"},
				"east": {"uv": [6, 10.5, 6.5, 13.5], "texture": "#0"},
				"south": {"uv": [6.5, 10.5, 7, 13.5], "texture": "#0"},
				"west": {"uv": [7, 10.5, 7.5, 13.5], "texture": "#0"}
			}
		},
		{
			"from": [14, 2, 14],
			"to": [16, 14, 16],
			"rotation": {"angle": 0, "axis": "y", "origin": [15, 14, 15]},
			"faces": {
				"north": {"uv": [10.5, 10, 11, 13], "texture": "#0"},
				"east": {"uv": [0, 11, 0.5, 14], "texture": "#0"},
				"south": {"uv": [0.5, 11, 1, 14], "texture": "#0"},
				"west": {"uv": [11, 0.5, 11.5, 3.5], "texture": "#0"}
			}
		},
		{
			"from": [0, 2, 14],
			"to": [2, 14, 16],
			"rotation": {"angle": 0, "axis": "y", "origin": [0, 14, 15]},
			"faces": {
				"north": {"uv": [7.5, 10.5, 8, 13.5], "texture": "#0"},
				"east": {"uv": [8, 10.5, 8.5, 13.5], "texture": "#0"},
				"south": {"uv": [8.5, 10.5, 9, 13.5], "texture": "#0"},
				"west": {"uv": [9, 10.5, 9.5, 13.5], "texture": "#0"}
			}
		},
		{
			"from": [11, 15, 3],
			"to": [12, 16, 5],
			"rotation": {"angle": 0, "axis": "y", "origin": [11, 15, 3]},
			"faces": {
				"north": {"uv": [9.5, 15.5, 9.75, 15.75], "texture": "#0"},
				"east": {"uv": [12, 15.75, 12.5, 16], "texture": "#0"},
				"south": {"uv": [12.75, 15.25, 13, 15.5], "texture": "#0"},
				"west": {"uv": [13, 15.75, 13.5, 16], "texture": "#0"}
			}
		},
		{
			"from": [11, 15, 11],
			"to": [12, 16, 13],
			"rotation": {"angle": 0, "axis": "y", "origin": [11, 15, 11]},
			"faces": {
				"north": {"uv": [12.5, 15, 12.75, 15.25], "texture": "#0"},
				"east": {"uv": [10, 15.75, 10.5, 16], "texture": "#0"},
				"south": {"uv": [9.75, 15.5, 10, 15.75], "texture": "#0"},
				"west": {"uv": [15, 15.75, 15.5, 16], "texture": "#0"}
			}
		},
		{
			"from": [11, 16, 3],
			"to": [12, 17, 13],
			"rotation": {"angle": 0, "axis": "y", "origin": [11, 16, 11]},
			"faces": {
				"north": {"uv": [9.5, 15, 9.75, 15.25], "texture": "#0"},
				"east": {"uv": [10, 15.5, 12.5, 15.75], "texture": "#0"},
				"south": {"uv": [9.75, 15, 10, 15.25], "texture": "#0"},
				"west": {"uv": [13, 15.5, 15.5, 15.75], "texture": "#0"},
				"up": {"uv": [9.25, 13.5, 9.5, 16], "texture": "#0"},
				"down": {"uv": [15.75, 13.5, 16, 15.5], "texture": "#0"}
			}
		},
		{
			"from": [4, 16, 3],
			"to": [5, 17, 13],
			"rotation": {"angle": 0, "axis": "y", "origin": [4, 16, 11]},
			"faces": {
				"north": {"uv": [9.75, 15.25, 10, 15.5], "texture": "#0"},
				"east": {"uv": [13, 15, 15.5, 15.25], "texture": "#0"},
				"south": {"uv": [9.5, 15.25, 9.75, 15.5], "texture": "#0"},
				"west": {"uv": [10, 15, 12.5, 15.25], "texture": "#0"},
				"up": {"uv": [9, 13.5, 9.25, 16], "texture": "#0"},
				"down": {"uv": [15.75, 13.5, 16, 15.5], "texture": "#0"}
			}
		},
		{
			"from": [4, 15, 3],
			"to": [5, 16, 5],
			"rotation": {"angle": 0, "axis": "y", "origin": [4, 15, 3]},
			"faces": {
				"north": {"uv": [9.75, 15.75, 10, 16], "texture": "#0"},
				"east": {"uv": [15, 15.25, 15.5, 15.5], "texture": "#0"},
				"south": {"uv": [12.75, 15, 13, 15.25], "texture": "#0"},
				"west": {"uv": [10, 15.25, 10.5, 15.5], "texture": "#0"}
			}
		},
		{
			"from": [4, 15, 11],
			"to": [5, 16, 13],
			"rotation": {"angle": 0, "axis": "y", "origin": [4, 15, 11]},
			"faces": {
				"north": {"uv": [12.5, 15.25, 12.75, 15.5], "texture": "#0"},
				"east": {"uv": [13, 15.25, 13.5, 15.5], "texture": "#0"},
				"south": {"uv": [9.5, 15.75, 9.75, 16], "texture": "#0"},
				"west": {"uv": [12, 15.25, 12.5, 15.5], "texture": "#0"}
			}
		}
	],
	"display": {
		"thirdperson_righthand": {
			"rotation": [75, 45, 0],
			"translation": [0, 2.5, 0],
			"scale": [0.375, 0.375, 0.375]
		},
		"thirdperson_lefthand": {
			"rotation": [75, 45, 0],
			"translation": [0, 2.5, 0],
			"scale": [0.375, 0.375, 0.375]
		},
		"firstperson_righthand": {
			"rotation": [0, 45, 0],
			"scale": [0.4, 0.4, 0.4]
		},
		"firstperson_lefthand": {
			"rotation": [0, 225, 0],
			"scale": [0.4, 0.4, 0.4]
		},
		"ground": {
			"translation": [0, 3, 0],
			"scale": [0.25, 0.25, 0.25]
		},
		"gui": {
			"rotation": [30, 225, 0],
			"scale": [0.625, 0.625, 0.625]
		},
		"fixed": {
			"scale": [0.5, 0.5, 0.5]
		}
	}
}